"资料ID","文件名","扩展名","文件大小字节","修改时间","主题粗分类","核验状态","原始路径"
"MAT-0001","放入说明.md",".md","781","2026-08-18 14:49:12","待人工归类","说明文件","D:\整体视频流程重建\资料库\原始资料\放入说明.md"
"MAT-0002","(1 封信) 当霸道总裁的行为发生在现实生活中时，你能够接受吗_ - 知乎.pdf",".pdf","1319002","2026-08-18 14:56:21","认知与思维","待内容核验","D:\整体视频流程重建\资料库\原始资料\知乎付费1090篇合集 - 精选知乎各领域的深度好文\(1 封信) 当霸道总裁的行为发生在现实生活中时，你能够接受吗_ - 知乎.pdf"
"MAT-0003","(1 封信) 历史上有哪些真实的祸从口出的事件？ - 知乎.pdf",".pdf","2342161","2026-08-18 14:56:22","故事与案例","待内容核验","D:\整体视频流程重建\资料库\原始资料\知乎付费1090篇合集 - 精选知乎各领域的深度好文\(1 封信) 历史上有哪些真实的祸从口出的事件？ - 知乎.pdf"
"MAT-0004","(1 封信) 你是什么时候发现自己其实也是渣（渣）的？ - 知乎【优质合集‖免费获取：cunlove.cN】.pdf",".pdf","857515","2026-08-18 14:56:20","待人工归类","待内容核验","D:\整体视频流程重建\资料库\原始资料\知乎付费1090篇合集 - 精选知乎各领域的深度好文\(1 封信) 你是什么时候发现自己其实也是渣（渣）的？ - 知乎【优质合集‖免费获取：cunlove.cN】.pdf"
"MAT-0005","(1 封信) 身边有个绿茶婊是种怎样的体验？ - 知乎【整理不易‖记得关注：CunWorKNotes】.pdf",".pdf","731626","2026-08-18 14:56:20","待人工归类","待内容核验","D:\整体视频流程重建\资料库\原始资料\知乎付费1090篇合集 - 精选知乎各领域的深度好文\(1 封信) 身边有个绿茶婊是种怎样的体验？ - 知乎【整理不易‖记得关注：CunWorKNotes】.pdf"
"MAT-0006","(1 封信) 有什么你认为不错的重生文？ - 知乎【公重号：CunWorkNotes】.pdf",".pdf","979901","2026-08-18 14:56:21","待人工归类","待内容核验","D:\整体视频流程重建\资料库\原始资料\知乎付费1090篇合集 - 精选知乎各领域的深度好文\(1 封信) 有什么你认为不错的重生文？ - 知乎【公重号：CunWorkNotes】.pdf"
"MAT-0007","(1 封信) 有知道马航内幕吗？ - 知乎.pdf",".pdf","2485196","2026-08-18 14:56:20","待人工归类","待内容核验","D:\整体视频流程重建\资料库\原始资料\知乎付费1090篇合集 - 精选知乎各领域的深度好文\(1 封信) 有知道马航内幕吗？ - 知乎.pdf"
"MAT-0008","(1 封信) 在后宫，你怎么独占皇帝？ - 知乎【资源精选‖更多关注：CunworkNotes】.pdf",".pdf","909992","2026-08-18 14:56:21","待人工归类","待内容核验","D:\整体视频流程重建\资料库\原始资料\知乎付费1090篇合集 - 精选知乎各领域的深度好文\(1 封信) 在后宫，你怎么独占皇帝？ - 知乎【资源精选‖更多关注：CunworkNotes】.pdf"
"MAT-0009","(1 封信) 渣和渣在一起了是种什么体验？ - 知乎.pdf",".pdf","1349955","2026-08-18 14:56:21","待人工归类","待内容核验","D:\整体视频流程重建\资料库\原始资料\知乎付费1090篇合集 - 精选知乎各领域的深度好文\(1 封信) 渣和渣在一起了是种什么体验？ - 知乎.pdf"
"MAT-0010","(2 条消息) 有什么让你忍不住姨母笑的小说？ - 知乎.pdf",".pdf","235472","2026-08-18 14:56:20","故事与案例","待内容核验","D:\整体视频流程重建\资料库\原始资料\知乎付费1090篇合集 - 精选知乎各领域的深度好文\(2 条消息) 有什么让你忍不住姨母笑的小说？ - 知乎.pdf"
"MAT-0011","《西游记》十大恶怪簿：菩萨妖精，总是一念.pdf",".pdf","540487","2026-08-18 14:58:56","故事与案例","待内容核验","D:\整体视频流程重建\资料库\原始资料\知乎付费1090篇合集 - 精选知乎各领域的深度好文\《西游记》十大恶怪簿：菩萨妖精，总是一念.pdf"
"MAT-0012","【不易整理‖请关注：CunWorkNoteS】.pdf",".pdf","1436521","2026-08-18 14:58:57","待人工归类","待内容核验","D:\整体视频流程重建\资料库\原始资料\知乎付费1090篇合集 - 精选知乎各领域的深度好文\【不易整理‖请关注：CunWorkNoteS】.pdf"
"MAT-0013","【持续更新‖免费提供：CunworknoteS】.pdf",".pdf","626754","2026-08-18 14:58:57","待人工归类","待内容核验","D:\整体视频流程重建\资料库\原始资料\知乎付费1090篇合集 - 精选知乎各领域的深度好文\【持续更新‖免费提供：CunworknoteS】.pdf"
"MAT-0014","【耗时整理‖不易且全免费：cunlOve.cn】.pdf",".pdf","1390616","2026-08-18 14:58:57","待人工归类","待内容核验","D:\整体视频流程重建\资料库\原始资料\知乎付费1090篇合集 - 精选知乎各领域的深度好文\【耗时整理‖不易且全免费：cunlOve.cn】.pdf"
"MAT-0015","【耗时整理‖免费分享：Cunlove.cn】-7fe4d83010a5.pdf.qkdownloading",".qkdownloading","0","2026-08-18 14:58:57","待人工归类","未完成下载","D:\整体视频流程重建\资料库\原始资料\知乎付费1090篇合集 - 精选知乎各领域的深度好文\【耗时整理‖免费分享：Cunlove.cn】-7fe4d83010a5.pdf.qkdownloading"
"MAT-0016","【手动整理‖：cunlove.Cn】.pdf",".pdf","812269","2026-08-18 14:58:57","待人工归类","待内容核验","D:\整体视频流程重建\资料库\原始资料\知乎付费1090篇合集 - 精选知乎各领域的深度好文\【手动整理‖：cunlove.Cn】.pdf"
"MAT-0017","【优质资源‖关注：cunWorkNotes 解锁】.pdf",".pdf","762414","2026-08-18 14:58:57","待人工归类","待内容核验","D:\整体视频流程重建\资料库\原始资料\知乎付费1090篇合集 - 精选知乎各领域的深度好文\【优质资源‖关注：cunWorkNotes 解锁】.pdf"
"MAT-0018","【整理不易‖记得关注：CunWorKNotes】.pdf",".pdf","441914","2026-08-18 14:58:57","待人工归类","待内容核验","D:\整体视频流程重建\资料库\原始资料\知乎付费1090篇合集 - 精选知乎各领域的深度好文\【整理不易‖记得关注：CunWorKNotes】.pdf"
"MAT-0019","【整理不易‖免费奉上：cuNlove.cn】.pdf",".pdf","2173443","2026-08-18 14:58:58","待人工归类","待内容核验","D:\整体视频流程重建\资料库\原始资料\知乎付费1090篇合集 - 精选知乎各领域的深度好文\【整理不易‖免费奉上：cuNlove.cn】.pdf"
"MAT-0020","1-1知乎盐选 _ 如何透过现象看本质？.pdf",".pdf","3555087","2026-08-18 14:56:23","认知与思维","待内容核验","D:\整体视频流程重建\资料库\原始资料\知乎付费1090篇合集 - 精选知乎各领域的深度好文\1-1知乎盐选 _ 如何透过现象看本质？.pdf"
"MAT-0021","1-2知乎盐选 _ 如何成为问题分析高手？.pdf",".pdf","4798648","2026-08-18 14:56:23","认知与思维","待内容核验","D:\整体视频流程重建\资料库\原始资料\知乎付费1090篇合集 - 精选知乎各领域的深度好文\1-2知乎盐选 _ 如何成为问题分析高手？.pdf"
"MAT-0022","1-3知乎盐选 _ 思考问题脑子乱怎么办？【花费时间‖免费获取：cunLove.cn】.pdf",".pdf","1327661","2026-08-18 14:56:24","认知与思维","待内容核验","D:\整体视频流程重建\资料库\原始资料\知乎付费1090篇合集 - 精选知乎各领域的深度好文\1-3知乎盐选 _ 思考问题脑子乱怎么办？【花费时间‖免费获取：cunLove.cn】.pdf"
"MAT-0023","1.知乎盐选 _ 公子请绕道.pdf",".pdf","1282066","2026-08-18 14:56:23","待人工归类","待内容核验","D:\整体视频流程重建\资料库\原始资料\知乎付费1090篇合集 - 精选知乎各领域的深度好文\1.知乎盐选 _ 公子请绕道.pdf"
"MAT-0024","1.知乎盐选 _ 如何设计具有高点击率的主图？【整理不易‖免费奉上：cuNlove.cn】.pdf",".pdf","1063911","2026-08-18 14:56:22","待人工归类","待内容核验","D:\整体视频流程重建\资料库\原始资料\知乎付费1090篇合集 - 精选知乎各领域的深度好文\1.知乎盐选 _ 如何设计具有高点击率的主图？【整理不易‖免费奉上：cuNlove.cn】.pdf"
"MAT-0025","1.知乎盐选 _ 一失足成千古恨【耗时整理‖免费分享：Cunlove.cn】.pdf",".pdf","742291","2026-08-18 14:56:22","待人工归类","待内容核验","D:\整体视频流程重建\资料库\原始资料\知乎付费1090篇合集 - 精选知乎各领域的深度好文\1.知乎盐选 _ 一失足成千古恨【耗时整理‖免费分享：Cunlove.cn】.pdf"
"MAT-0026","10.知乎盐选 _ 疯狂的猴子【整理不易‖记得关注：CunWorKNotes】.pdf",".pdf","622777","2026-08-18 14:56:35","待人工归类","待内容核验","D:\整体视频流程重建\资料库\原始资料\知乎付费1090篇合集 - 精选知乎各领域的深度好文\10.知乎盐选 _ 疯狂的猴子【整理不易‖记得关注：CunWorKNotes】.pdf"
"MAT-0027","10.知乎盐选 _ 客服回复技巧：如何回复才能提高转化率？【整理不易‖免费奉上：cuNlove.cn】.pdf",".pdf","531028","2026-08-18 14:56:35","商业与产品","待内容核验","D:\整体视频流程重建\资料库\原始资料\知乎付费1090篇合集 - 精选知乎各领域的深度好文\10.知乎盐选 _ 客服回复技巧：如何回复才能提高转化率？【整理不易‖免费奉上：cuNlove.cn】.pdf"
"MAT-0028","10.知乎盐选 _ 深情最是千年鬼.pdf",".pdf","1115715","2026-08-18 14:56:36","待人工归类","待内容核验","D:\整体视频流程重建\资料库\原始资料\知乎付费1090篇合集 - 精选知乎各领域的深度好文\10.知乎盐选 _ 深情最是千年鬼.pdf"
"MAT-0029","10边境新娘贩子：为什么受害者更容易成为施害者？【资源精选‖更多关注：CunworkNotes】.pdf",".pdf","1131317","2026-08-18 14:56:36","待人工归类","待内容核验","D:\整体视频流程重建\资料库\原始资料\知乎付费1090篇合集 - 精选知乎各领域的深度好文\10边境新娘贩子：为什么受害者更容易成为施害者？【资源精选‖更多关注：CunworkNotes】.pdf"
"MAT-0030","11.知乎盐选 _ 疯狂的猴子（二）.pdf",".pdf","605490","2026-08-18 14:56:36","待人工归类","待内容核验","D:\整体视频流程重建\资料库\原始资料\知乎付费1090篇合集 - 精选知乎各领域的深度好文\11.知乎盐选 _ 疯狂的猴子（二）.pdf"
"MAT-0031","11.知乎盐选 _ 倾城之恋.pdf",".pdf","892119","2026-08-18 14:56:36","待人工归类","待内容核验","D:\整体视频流程重建\资料库\原始资料\知乎付费1090篇合集 - 精选知乎各领域的深度好文\11.知乎盐选 _ 倾城之恋.pdf"
"MAT-0032","12.知乎盐选 _ 腹黑李扁鹊见沙雕顾桓公.pdf",".pdf","1158898","2026-08-18 14:56:36","待人工归类","待内容核验","D:\整体视频流程重建\资料库\原始资料\知乎付费1090篇合集 - 精选知乎各领域的深度好文\12.知乎盐选 _ 腹黑李扁鹊见沙雕顾桓公.pdf"
"MAT-0033","12.知乎盐选 _ 坚硬的朝鲜人.pdf",".pdf","712423","2026-08-18 14:56:36","待人工归类","待内容核验","D:\整体视频流程重建\资料库\原始资料\知乎付费1090篇合集 - 精选知乎各领域的深度好文\12.知乎盐选 _ 坚硬的朝鲜人.pdf"
"MAT-0034","13.知乎盐选 _ 心有所属.pdf",".pdf","987022","2026-08-18 14:56:37","待人工归类","待内容核验","D:\整体视频流程重建\资料库\原始资料\知乎付费1090篇合集 - 精选知乎各领域的深度好文\13.知乎盐选 _ 心有所属.pdf"
"MAT-0035","13.知乎盐选 _ 兄弟啊我给你报仇.pdf",".pdf","727049","2026-08-18 14:56:37","待人工归类","待内容核验","D:\整体视频流程重建\资料库\原始资料\知乎付费1090篇合集 - 精选知乎各领域的深度好文\13.知乎盐选 _ 兄弟啊我给你报仇.pdf"
"MAT-0036","14.知乎盐选 _ 我的总裁友竟是杀马特贵族【持续更新‖免费提供：CunworknoteS】.pdf",".pdf","919603","2026-08-18 14:56:37","待人工归类","待内容核验","D:\整体视频流程重建\资料库\原始资料\知乎付费1090篇合集 - 精选知乎各领域的深度好文\14.知乎盐选 _ 我的总裁友竟是杀马特贵族【持续更新‖免费提供：CunworknoteS】.pdf"
"MAT-0037","14.知乎盐选 _ 又是一个多事之秋.pdf",".pdf","700105","2026-08-18 14:56:37","待人工归类","待内容核验","D:\整体视频流程重建\资料库\原始资料\知乎付费1090篇合集 - 精选知乎各领域的深度好文\14.知乎盐选 _ 又是一个多事之秋.pdf"
"MAT-0038","15.知乎盐选 _ 我跟狱霸打了一架【整理不易‖记得关注：CunWorKNotes】.pdf",".pdf","679585","2026-08-18 14:56:37","待人工归类","待内容核验","D:\整体视频流程重建\资料库\原始资料\知乎付费1090篇合集 - 精选知乎各领域的深度好文\15.知乎盐选 _ 我跟狱霸打了一架【整理不易‖记得关注：CunWorKNotes】.pdf"
"MAT-0039","15.知乎盐选 _ 重生之王妃难追【整理不易‖免费奉上：cuNlove.cn】.pdf",".pdf","1262216","2026-08-18 14:56:38","待人工归类","待内容核验","D:\整体视频流程重建\资料库\原始资料\知乎付费1090篇合集 - 精选知乎各领域的深度好文\15.知乎盐选 _ 重生之王妃难追【整理不易‖免费奉上：cuNlove.cn】.pdf"
"MAT-0040","16.知乎盐选 _ __鹿鸣.pdf",".pdf","1073573","2026-08-18 14:56:38","待人工归类","待内容核验","D:\整体视频流程重建\资料库\原始资料\知乎付费1090篇合集 - 精选知乎各领域的深度好文\16.知乎盐选 _ __鹿鸣.pdf"
"MAT-0041","16.知乎盐选 _ 亚洲健美先生【耗时整理‖免费分享：Cunlove.cn】.pdf",".pdf","593670","2026-08-18 14:56:38","待人工归类","待内容核验","D:\整体视频流程重建\资料库\原始资料\知乎付费1090篇合集 - 精选知乎各领域的深度好文\16.知乎盐选 _ 亚洲健美先生【耗时整理‖免费分享：Cunlove.cn】.pdf"
"MAT-0042","17.知乎盐选 _ 亚洲健美先生（二）.pdf",".pdf","569209","2026-08-18 14:56:38","待人工归类","待内容核验","D:\整体视频流程重建\资料库\原始资料\知乎付费1090篇合集 - 精选知乎各领域的深度好文\17.知乎盐选 _ 亚洲健美先生（二）.pdf"
"MAT-0043","17.知乎盐选 _ 占山为王.pdf",".pdf","949092","2026-08-18 14:56:39","待人工归类","待内容核验","D:\整体视频流程重建\资料库\原始资料\知乎付费1090篇合集 - 精选知乎各领域的深度好文\17.知乎盐选 _ 占山为王.pdf"
"MAT-0044","18.知乎盐选 _ 春风倦人.pdf",".pdf","1167165","2026-08-18 14:56:38","待人工归类","待内容核验","D:\整体视频流程重建\资料库\原始资料\知乎付费1090篇合集 - 精选知乎各领域的深度好文\18.知乎盐选 _ 春风倦人.pdf"
"MAT-0045","19.知乎盐选 _ 不能倾城.pdf",".pdf","1274292","2026-08-18 14:56:39","待人工归类","待内容核验","D:\整体视频流程重建\资料库\原始资料\知乎付费1090篇合集 - 精选知乎各领域的深度好文\19.知乎盐选 _ 不能倾城.pdf"
"MAT-0046","19.知乎盐选 _ 我的老教练【资源精选‖更多关注：CunworkNotes】.pdf",".pdf","728066","2026-08-18 14:56:39","待人工归类","待内容核验","D:\整体视频流程重建\资料库\原始资料\知乎付费1090篇合集 - 精选知乎各领域的深度好文\19.知乎盐选 _ 我的老教练【资源精选‖更多关注：CunworkNotes】.pdf"
"MAT-0047","1写在前面：故事是来自远方的亲身经历【花费时间‖：cunLove.cn】.pdf",".pdf","447909","2026-08-18 14:56:23","故事与案例","待内容核验","D:\整体视频流程重建\资料库\原始资料\知乎付费1090篇合集 - 精选知乎各领域的深度好文\1写在前面：故事是来自远方的亲身经历【花费时间‖：cunLove.cn】.pdf"
"MAT-0048","1有没有什么甜到爆炸的短篇小说推荐？ - 知乎【耗时整理‖免费分享：Cunlove.cn】.pdf",".pdf","2985448","2026-08-18 14:56:24","故事与案例","待内容核验","D:\整体视频流程重建\资料库\原始资料\知乎付费1090篇合集 - 精选知乎各领域的深度好文\1有没有什么甜到爆炸的短篇小说推荐？ - 知乎【耗时整理‖免费分享：Cunlove.cn】.pdf"
"MAT-0049","1有哪些你结婚后才明白的道理？ - 知乎.pdf",".pdf","1501197","2026-08-18 14:56:23","待人工归类","待内容核验","D:\整体视频流程重建\资料库\原始资料\知乎付费1090篇合集 - 精选知乎各领域的深度好文\1有哪些你结婚后才明白的道理？ - 知乎.pdf"
"MAT-0050","1中国有哪些恐怖或鲜为人知的杀人案件？ - 知乎.pdf",".pdf","1045937","2026-08-18 14:56:25","故事与案例","待内容核验","D:\整体视频流程重建\资料库\原始资料\知乎付费1090篇合集 - 精选知乎各领域的深度好文\1中国有哪些恐怖或鲜为人知的杀人案件？ - 知乎.pdf"
"MAT-0051","2-1知乎盐选 _ 如何建立完整的知识管理系统？【资源精选‖更多关注：CunworkNotes】.pdf",".pdf","7487423","2026-08-18 14:56:24","认知与思维；商业与产品","待内容核验","D:\整体视频流程重建\资料库\原始资料\知乎付费1090篇合集 - 精选知乎各领域的深度好文\2-1知乎盐选 _ 如何建立完整的知识管理系统？【资源精选‖更多关注：CunworkNotes】.pdf"
"MAT-0052","2-2知乎盐选 _ 学过的东西马上就忘了怎么办？【持续更新‖免费提供：CunworknoteS】.pdf",".pdf","3250762","2026-08-18 14:56:25","待人工归类","待内容核验","D:\整体视频流程重建\资料库\原始资料\知乎付费1090篇合集 - 精选知乎各领域的深度好文\2-2知乎盐选 _ 学过的东西马上就忘了怎么办？【持续更新‖免费提供：CunworknoteS】.pdf"
"MAT-0053","2-3知乎盐选 _ 如何有效锻炼记忆力？.pdf",".pdf","1865828","2026-08-18 14:56:25","待人工归类","待内容核验","D:\整体视频流程重建\资料库\原始资料\知乎付费1090篇合集 - 精选知乎各领域的深度好文\2-3知乎盐选 _ 如何有效锻炼记忆力？.pdf"
"MAT-0054","2-4知乎盐选 _ 世界上真的存在记忆宫殿吗？.pdf",".pdf","2385142","2026-08-18 14:56:26","待人工归类","待内容核验","D:\整体视频流程重建\资料库\原始资料\知乎付费1090篇合集 - 精选知乎各领域的深度好文\2-4知乎盐选 _ 世界上真的存在记忆宫殿吗？.pdf"
"MAT-0055","2.知乎盐选 _ 2021 年苹果平板（iPad）选购攻略【良心整理‖免费获取：cunloVe.cn】.pdf",".pdf","2149103","2026-08-18 14:56:26","待人工归类","待内容核验","D:\整体视频流程重建\资料库\原始资料\知乎付费1090篇合集 - 精选知乎各领域的深度好文\2.知乎盐选 _ 2021 年苹果平板（iPad）选购攻略【良心整理‖免费获取：cunloVe.cn】.pdf"
"MAT-0056","2.知乎盐选 _ 禅心结【持续更新‖免费提供：CunworknoteS】.pdf",".pdf","1233245","2026-08-18 14:56:28","待人工归类","待内容核验","D:\整体视频流程重建\资料库\原始资料\知乎付费1090篇合集 - 精选知乎各领域的深度好文\2.知乎盐选 _ 禅心结【持续更新‖免费提供：CunworknoteS】.pdf"
"MAT-0057","2.知乎盐选 _ 如何设计具有高转化率的产品详情页？.pdf",".pdf","1305525","2026-08-18 14:56:26","商业与产品","待内容核验","D:\整体视频流程重建\资料库\原始资料\知乎付费1090篇合集 - 精选知乎各领域的深度好文\2.知乎盐选 _ 如何设计具有高转化率的产品详情页？.pdf"
"MAT-0058","2.知乎盐选 _ 他是一个职业拳手.pdf",".pdf","708321","2026-08-18 14:56:26","待人工归类","待内容核验","D:\整体视频流程重建\资料库\原始资料\知乎付费1090篇合集 - 精选知乎各领域的深度好文\2.知乎盐选 _ 他是一个职业拳手.pdf"
"MAT-0059","20.知乎盐选 _ 乃昆的下场.pdf",".pdf","727882","2026-08-18 14:56:39","待人工归类","待内容核验","D:\整体视频流程重建\资料库\原始资料\知乎付费1090篇合集 - 精选知乎各领域的深度好文\20.知乎盐选 _ 乃昆的下场.pdf"
"MAT-0060","20.知乎盐选 _ 月明依旧.pdf",".pdf","1646103","2026-08-18 14:56:39","待人工归类","待内容核验","D:\整体视频流程重建\资料库\原始资料\知乎付费1090篇合集 - 精选知乎各领域的深度好文\20.知乎盐选 _ 月明依旧.pdf"
"MAT-0061","21.知乎盐选 _ 贪爱之徒.pdf",".pdf","1239447","2026-08-18 14:56:40","待人工归类","待内容核验","D:\整体视频流程重建\资料库\原始资料\知乎付费1090篇合集 - 精选知乎各领域的深度好文\21.知乎盐选 _ 贪爱之徒.pdf"
"MAT-0062","21.知乎盐选 _ 这家伙真是一个恶棍.pdf",".pdf","717187","2026-08-18 14:56:40","待人工归类","待内容核验","D:\整体视频流程重建\资料库\原始资料\知乎付费1090篇合集 - 精选知乎各领域的深度好文\21.知乎盐选 _ 这家伙真是一个恶棍.pdf"
"MAT-0063","22.知乎盐选 _ 欢迎来到西伯利亚【精挑细选‖免费提供：cunlovE.cn】.pdf",".pdf","687445","2026-08-18 14:56:40","待人工归类","待内容核验","D:\整体视频流程重建\资料库\原始资料\知乎付费1090篇合集 - 精选知乎各领域的深度好文\22.知乎盐选 _ 欢迎来到西伯利亚【精挑细选‖免费提供：cunlovE.cn】.pdf"
"MAT-0064","23.知乎盐选 _ 泯灭人性的训练营.pdf",".pdf","722351","2026-08-18 14:56:40","待人工归类","待内容核验","D:\整体视频流程重建\资料库\原始资料\知乎付费1090篇合集 - 精选知乎各领域的深度好文\23.知乎盐选 _ 泯灭人性的训练营.pdf"
"MAT-0065","24.知乎盐选 _ 死去的成吉思汗.pdf",".pdf","788441","2026-08-18 14:56:41","待人工归类","待内容核验","D:\整体视频流程重建\资料库\原始资料\知乎付费1090篇合集 - 精选知乎各领域的深度好文\24.知乎盐选 _ 死去的成吉思汗.pdf"
"MAT-0066","25.知乎盐选 _ 恐怖的祭司.pdf",".pdf","649451","2026-08-18 14:56:41","待人工归类","待内容核验","D:\整体视频流程重建\资料库\原始资料\知乎付费1090篇合集 - 精选知乎各领域的深度好文\25.知乎盐选 _ 恐怖的祭司.pdf"
"MAT-0067","26.知乎盐选 _ （结局）我想见你最后一面.pdf",".pdf","553780","2026-08-18 14:56:41","待人工归类","待内容核验","D:\整体视频流程重建\资料库\原始资料\知乎付费1090篇合集 - 精选知乎各领域的深度好文\26.知乎盐选 _ （结局）我想见你最后一面.pdf"
"MAT-0068","2我在缅甸当_：给毒贩送假货的 397 天【资源精选‖更多关注：CunworkNotes】.pdf",".pdf","746069","2026-08-18 14:56:26","待人工归类","待内容核验","D:\整体视频流程重建\资料库\原始资料\知乎付费1090篇合集 - 精选知乎各领域的深度好文\2我在缅甸当_：给毒贩送假货的 397 天【资源精选‖更多关注：CunworkNotes】.pdf"
"MAT-0069","2有没有女主比较理智的小说？ - 知乎.pdf",".pdf","1142558","2026-08-18 14:56:26","故事与案例","待内容核验","D:\整体视频流程重建\资料库\原始资料\知乎付费1090篇合集 - 精选知乎各领域的深度好文\2有没有女主比较理智的小说？ - 知乎.pdf"
"MAT-0070","2有没有什么特别恐怖的鬼故事短篇的，适合半夜看的？ - 知乎.pdf",".pdf","1780631","2026-08-18 14:56:27","故事与案例","待内容核验","D:\整体视频流程重建\资料库\原始资料\知乎付费1090篇合集 - 精选知乎各领域的深度好文\2有没有什么特别恐怖的鬼故事短篇的，适合半夜看的？ - 知乎.pdf"
"MAT-0071","2有哪些你结婚后才明白的道理？ - 知乎.pdf",".pdf","1244472","2026-08-18 14:56:29","待人工归类","待内容核验","D:\整体视频流程重建\资料库\原始资料\知乎付费1090篇合集 - 精选知乎各领域的深度好文\2有哪些你结婚后才明白的道理？ - 知乎.pdf"
"MAT-0072","3-1知乎盐选 _ 上班族如何每天都早起、读书、跑步、冥想？.pdf",".pdf","2618852","2026-08-18 14:56:27","待人工归类","待内容核验","D:\整体视频流程重建\资料库\原始资料\知乎付费1090篇合集 - 精选知乎各领域的深度好文\3-1知乎盐选 _ 上班族如何每天都早起、读书、跑步、冥想？.pdf"
"MAT-0073","3-2知乎盐选 _ 如何快速读懂一本书？.pdf",".pdf","3913761","2026-08-18 14:56:29","待人工归类","待内容核验","D:\整体视频流程重建\资料库\原始资料\知乎付费1090篇合集 - 精选知乎各领域的深度好文\3-2知乎盐选 _ 如何快速读懂一本书？.pdf"
"MAT-0074","3-3知乎盐选 _ 如何拥有旺盛精力？.pdf",".pdf","2180710","2026-08-18 14:56:29","待人工归类","待内容核验","D:\整体视频流程重建\资料库\原始资料\知乎付费1090篇合集 - 精选知乎各领域的深度好文\3-3知乎盐选 _ 如何拥有旺盛精力？.pdf"
"MAT-0075","3.知乎盐选 _ 2021 年安卓（华为、三星、荣耀、联想小新）平板选购攻略.pdf",".pdf","5413857","2026-08-18 14:56:28","待人工归类","待内容核验","D:\整体视频流程重建\资料库\原始资料\知乎付费1090篇合集 - 精选知乎各领域的深度好文\3.知乎盐选 _ 2021 年安卓（华为、三星、荣耀、联想小新）平板选购攻略.pdf"
"MAT-0076","3.知乎盐选 _ 扮兄吃太子.pdf",".pdf","922474","2026-08-18 14:56:27","待人工归类","待内容核验","D:\整体视频流程重建\资料库\原始资料\知乎付费1090篇合集 - 精选知乎各领域的深度好文\3.知乎盐选 _ 扮兄吃太子.pdf"
"MAT-0077","3.知乎盐选 _ 不要脸的黑社会.pdf",".pdf","781488","2026-08-18 14:56:29","故事与案例","待内容核验","D:\整体视频流程重建\资料库\原始资料\知乎付费1090篇合集 - 精选知乎各领域的深度好文\3.知乎盐选 _ 不要脸的黑社会.pdf"
"MAT-0078","3.知乎盐选 _ 吸睛标题的 3 种写法.pdf",".pdf","694387","2026-08-18 14:56:29","待人工归类","待内容核验","D:\整体视频流程重建\资料库\原始资料\知乎付费1090篇合集 - 精选知乎各领域的深度好文\3.知乎盐选 _ 吸睛标题的 3 种写法.pdf"
"MAT-0079","3险些成为金三角的一部分：普通人变成「坏人」需要几步？【整理不易‖记得关注：CunWorKNotes】.pdf",".pdf","897526","2026-08-18 14:56:30","待人工归类","待内容核验","D:\整体视频流程重建\资料库\原始资料\知乎付费1090篇合集 - 精选知乎各领域的深度好文\3险些成为金三角的一部分：普通人变成「坏人」需要几步？【整理不易‖记得关注：CunWorKNotes】.pdf"
"MAT-0080","4.知乎盐选 _ 平价选择：2021 适宜学生党的平板电脑【资源精选‖更多关注：CunworkNotes】.pdf",".pdf","3486770","2026-08-18 14:56:30","待人工归类","待内容核验","D:\整体视频流程重建\资料库\原始资料\知乎付费1090篇合集 - 精选知乎各领域的深度好文\4.知乎盐选 _ 平价选择：2021 适宜学生党的平板电脑【资源精选‖更多关注：CunworkNotes】.pdf"
"MAT-0081","4.知乎盐选 _ 太傅每天都想摘绿帽.pdf",".pdf","1250735","2026-08-18 14:56:30","待人工归类","待内容核验","D:\整体视频流程重建\资料库\原始资料\知乎付费1090篇合集 - 精选知乎各领域的深度好文\4.知乎盐选 _ 太傅每天都想摘绿帽.pdf"
"MAT-0082","4.知乎盐选 _ 运营拼多多必须掌握的价格设计方法.pdf",".pdf","1473356","2026-08-18 14:56:31","待人工归类","待内容核验","D:\整体视频流程重建\资料库\原始资料\知乎付费1090篇合集 - 精选知乎各领域的深度好文\4.知乎盐选 _ 运营拼多多必须掌握的价格设计方法.pdf"
"MAT-0083","4.知乎盐选 _ 这个难民把我打哭了.pdf",".pdf","820243","2026-08-18 14:56:31","待人工归类","待内容核验","D:\整体视频流程重建\资料库\原始资料\知乎付费1090篇合集 - 精选知乎各领域的深度好文\4.知乎盐选 _ 这个难民把我打哭了.pdf"
"MAT-0084","4被枪杀的支教孩：理想面对黑暗时可能有多脆弱？【不易整理‖请关注：CunWorkNoteS】.pdf",".pdf","1042702","2026-08-18 14:56:31","待人工归类","待内容核验","D:\整体视频流程重建\资料库\原始资料\知乎付费1090篇合集 - 精选知乎各领域的深度好文\4被枪杀的支教孩：理想面对黑暗时可能有多脆弱？【不易整理‖请关注：CunWorkNoteS】.pdf"
"MAT-0085","5.知乎盐选 _ 打黑拳的兄弟们.pdf",".pdf","779737","2026-08-18 14:56:32","待人工归类","待内容核验","D:\整体视频流程重建\资料库\原始资料\知乎付费1090篇合集 - 精选知乎各领域的深度好文\5.知乎盐选 _ 打黑拳的兄弟们.pdf"
"MAT-0086","5.知乎盐选 _ 如何做好市场环境、产品和竞品的数据分析？.pdf",".pdf","782753","2026-08-18 14:56:32","商业与产品","待内容核验","D:\整体视频流程重建\资料库\原始资料\知乎付费1090篇合集 - 精选知乎各领域的深度好文\5.知乎盐选 _ 如何做好市场环境、产品和竞品的数据分析？.pdf"
"MAT-0087","5.知乎盐选 _ 作者和主角绝逼是真爱.pdf",".pdf","1215049","2026-08-18 14:56:32","待人工归类","待内容核验","D:\整体视频流程重建\资料库\原始资料\知乎付费1090篇合集 - 精选知乎各领域的深度好文\5.知乎盐选 _ 作者和主角绝逼是真爱.pdf"
"MAT-0088","5惊魂逃离：混混走投无路时，能相信的只有警察.pdf",".pdf","1049121","2026-08-18 14:56:32","待人工归类","待内容核验","D:\整体视频流程重建\资料库\原始资料\知乎付费1090篇合集 - 精选知乎各领域的深度好文\5惊魂逃离：混混走投无路时，能相信的只有警察.pdf"
"MAT-0089","6.知乎盐选 _ 后台设置，这些细节一定要做好【资源精选‖更多关注：CunworkNotes】.pdf",".pdf","840561","2026-08-18 14:56:33","待人工归类","待内容核验","D:\整体视频流程重建\资料库\原始资料\知乎付费1090篇合集 - 精选知乎各领域的深度好文\6.知乎盐选 _ 后台设置，这些细节一定要做好【资源精选‖更多关注：CunworkNotes】.pdf"
"MAT-0090","6.知乎盐选 _ 恰红尘.pdf",".pdf","1032786","2026-08-18 14:56:33","待人工归类","待内容核验","D:\整体视频流程重建\资料库\原始资料\知乎付费1090篇合集 - 精选知乎各领域的深度好文\6.知乎盐选 _ 恰红尘.pdf"
"MAT-0091","6.知乎盐选 _ 泰国来的冠军.pdf",".pdf","735674","2026-08-18 14:56:33","待人工归类","待内容核验","D:\整体视频流程重建\资料库\原始资料\知乎付费1090篇合集 - 精选知乎各领域的深度好文\6.知乎盐选 _ 泰国来的冠军.pdf"
"MAT-0092","6缅甸猴王的杀戮生意：猴子救过我的命，我以杀猴子为生.pdf",".pdf","1273342","2026-08-18 14:56:33","待人工归类","待内容核验","D:\整体视频流程重建\资料库\原始资料\知乎付费1090篇合集 - 精选知乎各领域的深度好文\6缅甸猴王的杀戮生意：猴子救过我的命，我以杀猴子为生.pdf"
"MAT-0093","7.知乎盐选 _ 爱于未见处.pdf",".pdf","798711","2026-08-18 14:56:33","待人工归类","待内容核验","D:\整体视频流程重建\资料库\原始资料\知乎付费1090篇合集 - 精选知乎各领域的深度好文\7.知乎盐选 _ 爱于未见处.pdf"
"MAT-0094","7.知乎盐选 _ 他们带我找_.pdf",".pdf","797399","2026-08-18 14:56:33","待人工归类","待内容核验","D:\整体视频流程重建\资料库\原始资料\知乎付费1090篇合集 - 精选知乎各领域的深度好文\7.知乎盐选 _ 他们带我找_.pdf"
"MAT-0095","7.知乎盐选 _ 优秀运营的核心技能 1：立竿见影的免费推广.pdf",".pdf","786947","2026-08-18 14:56:34","待人工归类","待内容核验","D:\整体视频流程重建\资料库\原始资料\知乎付费1090篇合集 - 精选知乎各领域的深度好文\7.知乎盐选 _ 优秀运营的核心技能 1：立竿见影的免费推广.pdf"
"MAT-0096","7孩子失踪后，他们当了人贩子：极端恶行存在合理动机吗？.pdf",".pdf","1091689","2026-08-18 14:56:34","待人工归类","待内容核验","D:\整体视频流程重建\资料库\原始资料\知乎付费1090篇合集 - 精选知乎各领域的深度好文\7孩子失踪后，他们当了人贩子：极端恶行存在合理动机吗？.pdf"
"MAT-0097","8.知乎盐选 _ 恶毒配许珍珍【耗时整理‖ cunlove.cn】.pdf",".pdf","1052734","2026-08-18 14:56:34","待人工归类","待内容核验","D:\整体视频流程重建\资料库\原始资料\知乎付费1090篇合集 - 精选知乎各领域的深度好文\8.知乎盐选 _ 恶毒配许珍珍【耗时整理‖ cunlove.cn】.pdf"
"MAT-0098","8.知乎盐选 _ 优秀运营的核心技能 2：有技术含量的付费推广.pdf",".pdf","615742","2026-08-18 14:56:34","待人工归类","待内容核验","D:\整体视频流程重建\资料库\原始资料\知乎付费1090篇合集 - 精选知乎各领域的深度好文\8.知乎盐选 _ 优秀运营的核心技能 2：有技术含量的付费推广.pdf"
"MAT-0099","8.知乎盐选 _ 在滨江道干群架.pdf",".pdf","684815","2026-08-18 14:56:34","待人工归类","待内容核验","D:\整体视频流程重建\资料库\原始资料\知乎付费1090篇合集 - 精选知乎各领域的深度好文\8.知乎盐选 _ 在滨江道干群架.pdf"
"MAT-0100","8亡命导游变形记：端环境下性会变得多阴暗？.pdf",".pdf","1107375","2026-08-18 14:56:34","待人工归类","待内容核验","D:\整体视频流程重建\资料库\原始资料\知乎付费1090篇合集 - 精选知乎各领域的深度好文\8亡命导游变形记：端环境下性会变得多阴暗？.pdf"
"MAT-0101","9.知乎盐选 _ 得罪了大人物.pdf",".pdf","732304","2026-08-18 14:56:35","故事与案例","待内容核验","D:\整体视频流程重建\资料库\原始资料\知乎付费1090篇合集 - 精选知乎各领域的深度好文\9.知乎盐选 _ 得罪了大人物.pdf"
"MAT-0102","9.知乎盐选 _ 花若离枝.pdf",".pdf","1186327","2026-08-18 14:56:35","待人工归类","待内容核验","D:\整体视频流程重建\资料库\原始资料\知乎付费1090篇合集 - 精选知乎各领域的深度好文\9.知乎盐选 _ 花若离枝.pdf"
"MAT-0103","9.知乎盐选 _ 如何参与威力巨大的拼多多营销活动？.pdf",".pdf","900260","2026-08-18 14:56:35","待人工归类","待内容核验","D:\整体视频流程重建\资料库\原始资料\知乎付费1090篇合集 - 精选知乎各领域的深度好文\9.知乎盐选 _ 如何参与威力巨大的拼多多营销活动？.pdf"
"MAT-0104","9纹身店老板：她有漂亮姑娘和两把手枪.pdf",".pdf","1135888","2026-08-18 14:56:35","待人工归类","待内容核验","D:\整体视频流程重建\资料库\原始资料\知乎付费1090篇合集 - 精选知乎各领域的深度好文\9纹身店老板：她有漂亮姑娘和两把手枪.pdf"
"MAT-0105","暗恋时最心塞的瞬间是哪一刻？ - 知乎.pdf",".pdf","2321946","2026-08-18 14:56:41","待人工归类","待内容核验","D:\整体视频流程重建\资料库\原始资料\知乎付费1090篇合集 - 精选知乎各领域的深度好文\暗恋时最心塞的瞬间是哪一刻？ - 知乎.pdf"
"MAT-0106","本来只是想装逼，结果装逼太成功让人深信不疑是种什么样的体验？ - 知乎【整理不易‖记得关注：CunWorKNotes】.pdf",".pdf","1016390","2026-08-18 14:56:42","待人工归类","待内容核验","D:\整体视频流程重建\资料库\原始资料\知乎付费1090篇合集 - 精选知乎各领域的深度好文\本来只是想装逼，结果装逼太成功让人深信不疑是种什么样的体验？ - 知乎【整理不易‖记得关注：CunWorKNotes】.pdf"
"MAT-0107","病娇爱上病娇是什么样的体验？ - 知乎.pdf",".pdf","1755551","2026-08-18 14:56:41","待人工归类","待内容核验","D:\整体视频流程重建\资料库\原始资料\知乎付费1090篇合集 - 精选知乎各领域的深度好文\病娇爱上病娇是什么样的体验？ - 知乎.pdf"
"MAT-0108","产品物料编码规则原件10-07.pdf",".pdf","91193","2026-08-18 14:56:43","商业与产品","待内容核验","D:\整体视频流程重建\资料库\原始资料\知乎付费1090篇合集 - 精选知乎各领域的深度好文\产品物料编码规则原件10-07.pdf"
"MAT-0109","出轨很容易被发现吗？ - 知乎.pdf",".pdf","1094203","2026-08-18 14:56:42","待人工归类","待内容核验","D:\整体视频流程重建\资料库\原始资料\知乎付费1090篇合集 - 精选知乎各领域的深度好文\出轨很容易被发现吗？ - 知乎.pdf"
"MAT-0110","出生在有钱人家什么感觉_ - 知乎.pdf",".pdf","1979742","2026-08-18 14:56:43","待人工归类","待内容核验","D:\整体视频流程重建\资料库\原始资料\知乎付费1090篇合集 - 精选知乎各领域的深度好文\出生在有钱人家什么感觉_ - 知乎.pdf"
"MAT-0111","从暧昧阶段怎么转为恋人关系？ - 知乎.pdf",".pdf","500824","2026-08-18 14:56:42","待人工归类","待内容核验","D:\整体视频流程重建\资料库\原始资料\知乎付费1090篇合集 - 精选知乎各领域的深度好文\从暧昧阶段怎么转为恋人关系？ - 知乎.pdf"
"MAT-0112","摧毁一个家长有多简单？ - 叶小白 的回答 - 知乎【良心整理‖免费获取：cunloVe.cn】.pdf",".pdf","2346129","2026-08-18 14:56:42","待人工归类","待内容核验","D:\整体视频流程重建\资料库\原始资料\知乎付费1090篇合集 - 精选知乎各领域的深度好文\摧毁一个家长有多简单？ - 叶小白 的回答 - 知乎【良心整理‖免费获取：cunloVe.cn】.pdf"
"MAT-0113","摧毁一个家长有多简单？ - 知乎.pdf",".pdf","667848","2026-08-18 14:56:42","待人工归类","待内容核验","D:\整体视频流程重建\资料库\原始资料\知乎付费1090篇合集 - 精选知乎各领域的深度好文\摧毁一个家长有多简单？ - 知乎.pdf"
"MAT-0114","大部分直男喜欢怎样的女生？ - 知乎.pdf",".pdf","1049030","2026-08-18 14:56:43","待人工归类","待内容核验","D:\整体视频流程重建\资料库\原始资料\知乎付费1090篇合集 - 精选知乎各领域的深度好文\大部分直男喜欢怎样的女生？ - 知乎.pdf"
"MAT-0115","大多数有的生都是“扶魔(1)[CC下载站：www.52sk3.com].pdf",".pdf","2173443","2026-08-18 14:56:43","待人工归类","待内容核验","D:\整体视频流程重建\资料库\原始资料\知乎付费1090篇合集 - 精选知乎各领域的深度好文\大多数有的生都是“扶魔(1)[CC下载站：www.52sk3.com].pdf"
"MAT-0116","大户人家的妾和平民百姓的妻，哪个是古代女子更向往的归宿？ - 知乎.pdf",".pdf","1951079","2026-08-18 14:56:44","待人工归类","待内容核验","D:\整体视频流程重建\资料库\原始资料\知乎付费1090篇合集 - 精选知乎各领域的深度好文\大户人家的妾和平民百姓的妻，哪个是古代女子更向往的归宿？ - 知乎.pdf"
"MAT-0117","大家都是在什么情况下表白的？表白说什么呀？ - 知乎 (1).pdf",".pdf","1574679","2026-08-18 14:56:44","待人工归类","待内容核验","D:\整体视频流程重建\资料库\原始资料\知乎付费1090篇合集 - 精选知乎各领域的深度好文\大家都是在什么情况下表白的？表白说什么呀？ - 知乎 (1).pdf"
"MAT-0118","大家都是在什么情况下表白的？表白说什么呀？ - 知乎.pdf",".pdf","1577857","2026-08-18 14:56:45","待人工归类","待内容核验","D:\整体视频流程重建\资料库\原始资料\知乎付费1090篇合集 - 精选知乎各领域的深度好文\大家都是在什么情况下表白的？表白说什么呀？ - 知乎.pdf"
"MAT-0119","大家身边有没有莫名其妙就失踪的人？ - 故事档案局 的回答 - 知乎.pdf",".pdf","1487883","2026-08-18 14:56:45","故事与案例","待内容核验","D:\整体视频流程重建\资料库\原始资料\知乎付费1090篇合集 - 精选知乎各领域的深度好文\大家身边有没有莫名其妙就失踪的人？ - 故事档案局 的回答 - 知乎.pdf"
"MAT-0120","大家有什么 n 的小说推荐？ - 知乎.pdf",".pdf","1674953","2026-08-18 14:56:45","故事与案例","待内容核验","D:\整体视频流程重建\资料库\原始资料\知乎付费1090篇合集 - 精选知乎各领域的深度好文\大家有什么 n 的小说推荐？ - 知乎.pdf"
"MAT-0121","大寝室的关系可以可怕到什么程度？ - 知乎【优质合集‖免费获取：cunlove.cN】.pdf",".pdf","1557502","2026-08-18 14:56:46","待人工归类","待内容核验","D:\整体视频流程重建\资料库\原始资料\知乎付费1090篇合集 - 精选知乎各领域的深度好文\大寝室的关系可以可怕到什么程度？ - 知乎【优质合集‖免费获取：cunlove.cN】.pdf"
"MAT-0122","大学到底是考研还是选择就业？ - 知乎【不易整理‖请关注：CunWorkNoteS】.pdf",".pdf","451329","2026-08-18 14:56:46","职场与表达","待内容核验","D:\整体视频流程重建\资料库\原始资料\知乎付费1090篇合集 - 精选知乎各领域的深度好文\大学到底是考研还是选择就业？ - 知乎【不易整理‖请关注：CunWorkNoteS】.pdf"
"MAT-0123","当霸道总裁文里出现沙雕主会是怎么样的情节？ - 知乎.pdf",".pdf","2313909","2026-08-18 14:56:43","待人工归类","待内容核验","D:\整体视频流程重建\资料库\原始资料\知乎付费1090篇合集 - 精选知乎各领域的深度好文\当霸道总裁文里出现沙雕主会是怎么样的情节？ - 知乎.pdf"
"MAT-0124","当古言虐文遇见沙雕主，会是什么样的情景_ - 知乎.pdf",".pdf","1032043","2026-08-18 14:56:44","待人工归类","待内容核验","D:\整体视频流程重建\资料库\原始资料\知乎付费1090篇合集 - 精选知乎各领域的深度好文\当古言虐文遇见沙雕主，会是什么样的情景_ - 知乎.pdf"
"MAT-0125","当你穿越到修仙文被病娇配勾引的恶毒配身上，该怎么办？ - 十两相思 的回答 - 知乎.pdf",".pdf","5943379","2026-08-18 14:56:46","待人工归类","待内容核验","D:\整体视频流程重建\资料库\原始资料\知乎付费1090篇合集 - 精选知乎各领域的深度好文\当你穿越到修仙文被病娇配勾引的恶毒配身上，该怎么办？ - 十两相思 的回答 - 知乎.pdf"
"MAT-0126","当你的老公_朋友知道你怀孕是什么反应？ - 知乎.pdf",".pdf","1030308","2026-08-18 14:56:46","待人工归类","待内容核验","D:\整体视频流程重建\资料库\原始资料\知乎付费1090篇合集 - 精选知乎各领域的深度好文\当你的老公_朋友知道你怀孕是什么反应？ - 知乎.pdf"
"MAT-0127","当沙雕女主遇到病娇偏执男主会发生什么_ - 知乎.pdf",".pdf","3844847","2026-08-18 14:56:46","待人工归类","待内容核验","D:\整体视频流程重建\资料库\原始资料\知乎付费1090篇合集 - 精选知乎各领域的深度好文\当沙雕女主遇到病娇偏执男主会发生什么_ - 知乎.pdf"
"MAT-0128","到目前为止，你做过的最「」的作是什么？ - 知乎.pdf",".pdf","1153918","2026-08-18 14:56:45","待人工归类","待内容核验","D:\整体视频流程重建\资料库\原始资料\知乎付费1090篇合集 - 精选知乎各领域的深度好文\到目前为止，你做过的最「」的作是什么？ - 知乎.pdf"
"MAT-0129","二郎神杨戬到底有多强？ - 知乎.pdf",".pdf","3465859","2026-08-18 14:56:47","待人工归类","待内容核验","D:\整体视频流程重建\资料库\原始资料\知乎付费1090篇合集 - 精选知乎各领域的深度好文\二郎神杨戬到底有多强？ - 知乎.pdf"
"MAT-0130","番外·合欢 - 知乎.pdf",".pdf","1130335","2026-08-18 14:56:48","待人工归类","待内容核验","D:\整体视频流程重建\资料库\原始资料\知乎付费1090篇合集 - 精选知乎各领域的深度好文\番外·合欢 - 知乎.pdf"
"MAT-0131","番外·溯梦 - 知乎.pdf",".pdf","1405852","2026-08-18 14:56:48","待人工归类","待内容核验","D:\整体视频流程重建\资料库\原始资料\知乎付费1090篇合集 - 精选知乎各领域的深度好文\番外·溯梦 - 知乎.pdf"
"MAT-0132","父母有哪些骚操作让你至今记忆犹新？ - 知乎.pdf",".pdf","758479","2026-08-18 14:56:47","待人工归类","待内容核验","D:\整体视频流程重建\资料库\原始资料\知乎付费1090篇合集 - 精选知乎各领域的深度好文\父母有哪些骚操作让你至今记忆犹新？ - 知乎.pdf"
"MAT-0133","父母有哪些作让你至今记忆犹新？ - 知乎.pdf",".pdf","758479","2026-08-18 14:56:47","待人工归类","待内容核验","D:\整体视频流程重建\资料库\原始资料\知乎付费1090篇合集 - 精选知乎各领域的深度好文\父母有哪些作让你至今记忆犹新？ - 知乎.pdf"
"MAT-0134","父母做过什么让你忽然心寒？ - 知乎.pdf",".pdf","1657325","2026-08-18 14:56:47","待人工归类","待内容核验","D:\整体视频流程重建\资料库\原始资料\知乎付费1090篇合集 - 精选知乎各领域的深度好文\父母做过什么让你忽然心寒？ - 知乎.pdf"
"MAT-0135","感觉现在知乎的洗面推荐超级偏向氨基酸洗面。皂基真的不如氨基酸洗面吗？ - 知乎.pdf",".pdf","226980","2026-08-18 14:56:48","待人工归类","待内容核验","D:\整体视频流程重建\资料库\原始资料\知乎付费1090篇合集 - 精选知乎各领域的深度好文\感觉现在知乎的洗面推荐超级偏向氨基酸洗面。皂基真的不如氨基酸洗面吗？ - 知乎.pdf"
"MAT-0136","各位有没有男主把女主当情人（替身）（玩玩而已），以为女主对他情根深种，但是女主只是把男主当替身的小说？ - 知乎【耗时整理‖免费分享：Cunlove.cn】.pdf",".pdf","2473932","2026-08-18 14:56:49","故事与案例","待内容核验","D:\整体视频流程重建\资料库\原始资料\知乎付费1090篇合集 - 精选知乎各领域的深度好文\各位有没有男主把女主当情人（替身）（玩玩而已），以为女主对他情根深种，但是女主只是把男主当替身的小说？ - 知乎【耗时整理‖免费分享：Cunlove.cn】.pdf"
"MAT-0137","公务员面试报万元协议班有必要吗？ - 知乎.pdf",".pdf","842605","2026-08-18 14:56:48","职场与表达","待内容核验","D:\整体视频流程重建\资料库\原始资料\知乎付费1090篇合集 - 精选知乎各领域的深度好文\公务员面试报万元协议班有必要吗？ - 知乎.pdf"
"MAT-0138","公务员面试考官喜欢什么样的答案，如何才能翻盘？ - 知乎.pdf",".pdf","554392","2026-08-18 14:56:49","职场与表达","待内容核验","D:\整体视频流程重建\资料库\原始资料\知乎付费1090篇合集 - 精选知乎各领域的深度好文\公务员面试考官喜欢什么样的答案，如何才能翻盘？ - 知乎.pdf"
"MAT-0139","宫墙柳（一） - 知乎.pdf",".pdf","537444","2026-08-18 14:56:48","待人工归类","待内容核验","D:\整体视频流程重建\资料库\原始资料\知乎付费1090篇合集 - 精选知乎各领域的深度好文\宫墙柳（一） - 知乎.pdf"
"MAT-0140","关于人性，你最想讲的一个故事是什么？ - 知乎【整理不易‖免费奉上：cuNlove.cn】.pdf",".pdf","21142342","2026-08-18 14:57:51","故事与案例","待内容核验","D:\整体视频流程重建\资料库\原始资料\知乎付费1090篇合集 - 精选知乎各领域的深度好文\关于人性，你最想讲的一个故事是什么？ - 知乎【整理不易‖免费奉上：cuNlove.cn】.pdf"
"MAT-0141","孩子是真的介意生的长相吗？ - 知乎.pdf",".pdf","1536368","2026-08-18 14:56:51","待人工归类","待内容核验","D:\整体视频流程重建\资料库\原始资料\知乎付费1090篇合集 - 精选知乎各领域的深度好文\孩子是真的介意生的长相吗？ - 知乎.pdf"
"MAT-0142","和大叔谈恋爱是一种怎样的体验？ - 知乎 (2)【持续更新‖免费提供：CunworknoteS】.pdf",".pdf","1595190","2026-08-18 14:56:49","待人工归类","待内容核验","D:\整体视频流程重建\资料库\原始资料\知乎付费1090篇合集 - 精选知乎各领域的深度好文\和大叔谈恋爱是一种怎样的体验？ - 知乎 (2)【持续更新‖免费提供：CunworknoteS】.pdf"
"MAT-0143","和大叔谈恋爱是一种怎样的体验？ - 知乎【良心整理‖免费获取：cunloVe.cn】.pdf",".pdf","1823295","2026-08-18 14:56:49","待人工归类","待内容核验","D:\整体视频流程重建\资料库\原始资料\知乎付费1090篇合集 - 精选知乎各领域的深度好文\和大叔谈恋爱是一种怎样的体验？ - 知乎【良心整理‖免费获取：cunloVe.cn】.pdf"
"MAT-0144","和大叔在一起是什么感觉_ - 知乎.pdf",".pdf","1513609","2026-08-18 14:56:49","待人工归类","待内容核验","D:\整体视频流程重建\资料库\原始资料\知乎付费1090篇合集 - 精选知乎各领域的深度好文\和大叔在一起是什么感觉_ - 知乎.pdf"
"MAT-0145","和富二代出去玩是什么体验_ - 知乎.pdf",".pdf","1407330","2026-08-18 14:56:50","待人工归类","待内容核验","D:\整体视频流程重建\资料库\原始资料\知乎付费1090篇合集 - 精选知乎各领域的深度好文\和富二代出去玩是什么体验_ - 知乎.pdf"
"MAT-0146","和前友再见面是什么感觉？ - 知乎.pdf",".pdf","1992491","2026-08-18 14:56:50","待人工归类","待内容核验","D:\整体视频流程重建\资料库\原始资料\知乎付费1090篇合集 - 精选知乎各领域的深度好文\和前友再见面是什么感觉？ - 知乎.pdf"
"MAT-0147","和珅的财产如此惊人，为什么百度百科中清朝第一贪污大案却是甘肃米案？ - 知乎.pdf",".pdf","866594","2026-08-18 14:56:50","待人工归类","待内容核验","D:\整体视频流程重建\资料库\原始资料\知乎付费1090篇合集 - 精选知乎各领域的深度好文\和珅的财产如此惊人，为什么百度百科中清朝第一贪污大案却是甘肃米案？ - 知乎.pdf"
"MAT-0148","和喜欢的女生聊天 15 分钟以后就找不到话题了怎么办？ - 知乎.pdf",".pdf","916250","2026-08-18 14:56:50","待人工归类","待内容核验","D:\整体视频流程重建\资料库\原始资料\知乎付费1090篇合集 - 精选知乎各领域的深度好文\和喜欢的女生聊天 15 分钟以后就找不到话题了怎么办？ - 知乎.pdf"
"MAT-0149","和直谈恋爱是怎样的一种体验？ - 鹅子 的回答 - 知乎【不易整理‖请关注：CunWorkNoteS】.pdf",".pdf","5567459","2026-08-18 14:56:51","待人工归类","待内容核验","D:\整体视频流程重建\资料库\原始资料\知乎付费1090篇合集 - 精选知乎各领域的深度好文\和直谈恋爱是怎样的一种体验？ - 鹅子 的回答 - 知乎【不易整理‖请关注：CunWorkNoteS】.pdf"
"MAT-0150","怀孕时让你最崩溃的瞬间是什么_ - 知乎【优质合集‖免费获取：cunlove.cN】.pdf",".pdf","1200921","2026-08-18 14:56:51","待人工归类","待内容核验","D:\整体视频流程重建\资料库\原始资料\知乎付费1090篇合集 - 精选知乎各领域的深度好文\怀孕时让你最崩溃的瞬间是什么_ - 知乎【优质合集‖免费获取：cunlove.cN】.pdf"
"MAT-0151","皇后和林家.pdf",".pdf","701199","2026-08-18 14:56:50","待人工归类","待内容核验","D:\整体视频流程重建\资料库\原始资料\知乎付费1090篇合集 - 精选知乎各领域的深度好文\皇后和林家.pdf"
"MAT-0152","皇后一定要爱皇上吗？ - 知乎.pdf",".pdf","1419990","2026-08-18 14:56:50","待人工归类","待内容核验","D:\整体视频流程重建\资料库\原始资料\知乎付费1090篇合集 - 精选知乎各领域的深度好文\皇后一定要爱皇上吗？ - 知乎.pdf"
"MAT-0153","会有男生真的当一个女孩子是纯友谊关系吗？ - 知乎.pdf",".pdf","1419585","2026-08-18 14:56:51","待人工归类","待内容核验","D:\整体视频流程重建\资料库\原始资料\知乎付费1090篇合集 - 精选知乎各领域的深度好文\会有男生真的当一个女孩子是纯友谊关系吗？ - 知乎.pdf"
"MAT-0154","婚姻不幸是一种什么样的体验？ - 知乎.pdf",".pdf","1410750","2026-08-18 14:56:51","待人工归类","待内容核验","D:\整体视频流程重建\资料库\原始资料\知乎付费1090篇合集 - 精选知乎各领域的深度好文\婚姻不幸是一种什么样的体验？ - 知乎.pdf"
"MAT-0155","减肥的人每天应该怎么吃？ - 知乎.pdf",".pdf","566294","2026-08-18 14:56:52","待人工归类","待内容核验","D:\整体视频流程重建\资料库\原始资料\知乎付费1090篇合集 - 精选知乎各领域的深度好文\减肥的人每天应该怎么吃？ - 知乎.pdf"
"MAT-0156","仅仅靠牛鸡蛋能满足蛋白质摄入吗？ - 知乎【良心整理‖免费获取：cunloVe.cn】.pdf",".pdf","608396","2026-08-18 14:56:52","待人工归类","待内容核验","D:\整体视频流程重建\资料库\原始资料\知乎付费1090篇合集 - 精选知乎各领域的深度好文\仅仅靠牛鸡蛋能满足蛋白质摄入吗？ - 知乎【良心整理‖免费获取：cunloVe.cn】.pdf"
"MAT-0157","看过哪些《爱格》中的虐心故事？ - 红尘 的回答 - 知乎【更多精选‖公众号：CunWorknotes】  .pdf",".pdf","1794242","2026-08-18 14:56:52","故事与案例","待内容核验","D:\整体视频流程重建\资料库\原始资料\知乎付费1090篇合集 - 精选知乎各领域的深度好文\看过哪些《爱格》中的虐心故事？ - 红尘 的回答 - 知乎【更多精选‖公众号：CunWorknotes】  .pdf"
"MAT-0158","看过哪些《爱格》中的虐心故事？ - 知乎【耗时整理‖不易且全免费：cunlOve.cn】.pdf",".pdf","613466","2026-08-18 14:56:52","故事与案例","待内容核验","D:\整体视频流程重建\资料库\原始资料\知乎付费1090篇合集 - 精选知乎各领域的深度好文\看过哪些《爱格》中的虐心故事？ - 知乎【耗时整理‖不易且全免费：cunlOve.cn】.pdf"
"MAT-0159","可以把你们压箱底的甜文推荐给我吗？ - 知乎.pdf",".pdf","725238","2026-08-18 14:56:52","待人工归类","待内容核验","D:\整体视频流程重建\资料库\原始资料\知乎付费1090篇合集 - 精选知乎各领域的深度好文\可以把你们压箱底的甜文推荐给我吗？ - 知乎.pdf"
"MAT-0160","可以说一个你隐藏最深的秘密吗？ - 知乎.pdf",".pdf","971900","2026-08-18 14:56:52","待人工归类","待内容核验","D:\整体视频流程重建\资料库\原始资料\知乎付费1090篇合集 - 精选知乎各领域的深度好文\可以说一个你隐藏最深的秘密吗？ - 知乎.pdf"
"MAT-0161","可以推荐一些虐主的小说吗？ - 知乎.pdf",".pdf","1881005","2026-08-18 14:56:53","故事与案例","待内容核验","D:\整体视频流程重建\资料库\原始资料\知乎付费1090篇合集 - 精选知乎各领域的深度好文\可以推荐一些虐主的小说吗？ - 知乎.pdf"
"MAT-0162","朗读与默读相比有哪些好处？为何备受推崇？ - 知乎.pdf",".pdf","453725","2026-08-18 14:56:53","待人工归类","待内容核验","D:\整体视频流程重建\资料库\原始资料\知乎付费1090篇合集 - 精选知乎各领域的深度好文\朗读与默读相比有哪些好处？为何备受推崇？ - 知乎.pdf"
"MAT-0163","历史上有哪些把「死棋」下活的人？ - 知乎.pdf",".pdf","5516197","2026-08-18 14:56:54","故事与案例","待内容核验","D:\整体视频流程重建\资料库\原始资料\知乎付费1090篇合集 - 精选知乎各领域的深度好文\历史上有哪些把「死棋」下活的人？ - 知乎.pdf"
"MAT-0164","历史上有哪些较经典的不自量力的事件？ - 知乎.pdf",".pdf","5232199","2026-08-18 14:56:54","故事与案例","待内容核验","D:\整体视频流程重建\资料库\原始资料\知乎付费1090篇合集 - 精选知乎各领域的深度好文\历史上有哪些较经典的不自量力的事件？ - 知乎.pdf"
"MAT-0165","历史上有哪些开始被认为是占了大便宜，后来却吃亏的事情？ - 知乎.pdf",".pdf","1142313","2026-08-18 14:56:54","故事与案例","待内容核验","D:\整体视频流程重建\资料库\原始资料\知乎付费1090篇合集 - 精选知乎各领域的深度好文\历史上有哪些开始被认为是占了大便宜，后来却吃亏的事情？ - 知乎.pdf"
"MAT-0166","买房之前需要做哪些功课？ - 知乎.pdf",".pdf","620882","2026-08-18 14:56:55","待人工归类","待内容核验","D:\整体视频流程重建\资料库\原始资料\知乎付费1090篇合集 - 精选知乎各领域的深度好文\买房之前需要做哪些功课？ - 知乎.pdf"
"MAT-0167","没保护好自己的人是种怎样的体验？ - 白帝 的回答 - 知乎【花费时间‖：cunLove.cn】.pdf",".pdf","2474859","2026-08-18 14:56:54","待人工归类","待内容核验","D:\整体视频流程重建\资料库\原始资料\知乎付费1090篇合集 - 精选知乎各领域的深度好文\没保护好自己的人是种怎样的体验？ - 白帝 的回答 - 知乎【花费时间‖：cunLove.cn】.pdf"
"MAT-0168","没保护好自己的人是种怎样的体验？ - 知乎【花费时间‖免费获取：cunLove.cn】.pdf",".pdf","1779855","2026-08-18 14:56:54","待人工归类","待内容核验","D:\整体视频流程重建\资料库\原始资料\知乎付费1090篇合集 - 精选知乎各领域的深度好文\没保护好自己的人是种怎样的体验？ - 知乎【花费时间‖免费获取：cunLove.cn】.pdf"
"MAT-0169","没有一点城府，别人问什么都如实回答，该怎么办？ - 盐选成长计划 的回答 - 知乎.pdf",".pdf","3245014","2026-08-18 14:56:56","待人工归类","待内容核验","D:\整体视频流程重建\资料库\原始资料\知乎付费1090篇合集 - 精选知乎各领域的深度好文\没有一点城府，别人问什么都如实回答，该怎么办？ - 盐选成长计划 的回答 - 知乎.pdf"
"MAT-0170","明朝嘉靖皇帝二十年不上朝是如何控制朝政的？ - 在历史中旅行 的回答 - 知乎【持续更新‖免费提供：CunworknoteS】.pdf",".pdf","1658163","2026-08-18 14:56:55","故事与案例","待内容核验","D:\整体视频流程重建\资料库\原始资料\知乎付费1090篇合集 - 精选知乎各领域的深度好文\明朝嘉靖皇帝二十年不上朝是如何控制朝政的？ - 在历史中旅行 的回答 - 知乎【持续更新‖免费提供：CunworknoteS】.pdf"
"MAT-0171","某些男生可以恶心到什么程度？ - 知乎.pdf",".pdf","1776175","2026-08-18 14:56:55","待人工归类","待内容核验","D:\整体视频流程重建\资料库\原始资料\知乎付费1090篇合集 - 精选知乎各领域的深度好文\某些男生可以恶心到什么程度？ - 知乎.pdf"
"MAT-0172","某些男生可以恶心到什么程度？ - 知乎(1).pdf",".pdf","1776176","2026-08-18 14:56:55","待人工归类","待内容核验","D:\整体视频流程重建\资料库\原始资料\知乎付费1090篇合集 - 精选知乎各领域的深度好文\某些男生可以恶心到什么程度？ - 知乎(1).pdf"
"MAT-0173","某些生可以恶心到什么程度？ - 墨绿枭 的回答 - 知乎.pdf",".pdf","2094959","2026-08-18 14:56:55","待人工归类","待内容核验","D:\整体视频流程重建\资料库\原始资料\知乎付费1090篇合集 - 精选知乎各领域的深度好文\某些生可以恶心到什么程度？ - 墨绿枭 的回答 - 知乎.pdf"
"MAT-0174","某些生可以恶心到什么程度？ - 知乎【不易整理‖请关注：CunWorkNoteS】.pdf",".pdf","1578798","2026-08-18 14:56:56","待人工归类","待内容核验","D:\整体视频流程重建\资料库\原始资料\知乎付费1090篇合集 - 精选知乎各领域的深度好文\某些生可以恶心到什么程度？ - 知乎【不易整理‖请关注：CunWorkNoteS】.pdf"
"MAT-0175","哪个瞬间让你觉得自己没必要再化妆了？ - 知乎【公重号：CunWorkNotes】.pdf",".pdf","1326949","2026-08-18 14:57:01","待人工归类","待内容核验","D:\整体视频流程重建\资料库\原始资料\知乎付费1090篇合集 - 精选知乎各领域的深度好文\哪个瞬间让你觉得自己没必要再化妆了？ - 知乎【公重号：CunWorkNotes】.pdf"
"MAT-0176","哪些比较好看的重生小说_ - 知乎.pdf",".pdf","2269265","2026-08-18 14:57:16","故事与案例","待内容核验","D:\整体视频流程重建\资料库\原始资料\知乎付费1090篇合集 - 精选知乎各领域的深度好文\哪些比较好看的重生小说_ - 知乎.pdf"
"MAT-0177","哪一秒你觉得合租真难受？ - 知乎.pdf",".pdf","645280","2026-08-18 14:57:17","待人工归类","待内容核验","D:\整体视频流程重建\资料库\原始资料\知乎付费1090篇合集 - 精选知乎各领域的深度好文\哪一秒你觉得合租真难受？ - 知乎.pdf"
"MAT-0178","奈何明月照河渠[CC下载站：www.52sk3.com].pdf",".pdf","1749034","2026-08-18 14:57:01","待人工归类","待内容核验","D:\整体视频流程重建\资料库\原始资料\知乎付费1090篇合集 - 精选知乎各领域的深度好文\奈何明月照河渠[CC下载站：www.52sk3.com].pdf"
"MAT-0179","男孩子是真的介意女生的长相吗？ - 知乎.pdf",".pdf","1323942","2026-08-18 14:57:02","待人工归类","待内容核验","D:\整体视频流程重建\资料库\原始资料\知乎付费1090篇合集 - 精选知乎各领域的深度好文\男孩子是真的介意女生的长相吗？ - 知乎.pdf"
"MAT-0180","男朋友很会是什么体验？ - 知乎【良心整理‖免费获取：cunloVe.cn】.pdf",".pdf","2995507","2026-08-18 14:57:11","待人工归类","待内容核验","D:\整体视频流程重建\资料库\原始资料\知乎付费1090篇合集 - 精选知乎各领域的深度好文\男朋友很会是什么体验？ - 知乎【良心整理‖免费获取：cunloVe.cn】.pdf"
"MAT-0181","男人在乎女人胖吗？ - 知乎.pdf",".pdf","2072615","2026-08-18 14:57:12","待人工归类","待内容核验","D:\整体视频流程重建\资料库\原始资料\知乎付费1090篇合集 - 精选知乎各领域的深度好文\男人在乎女人胖吗？ - 知乎.pdf"
"MAT-0182","男生和女生有纯友谊吗？ - 知乎.pdf",".pdf","1501151","2026-08-18 14:57:13","待人工归类","待内容核验","D:\整体视频流程重建\资料库\原始资料\知乎付费1090篇合集 - 精选知乎各领域的深度好文\男生和女生有纯友谊吗？ - 知乎.pdf"
"MAT-0183","男生和女生长期打王者会产生感觉吗？ - 知乎.pdf",".pdf","6551893","2026-08-18 14:57:13","待人工归类","待内容核验","D:\整体视频流程重建\资料库\原始资料\知乎付费1090篇合集 - 精选知乎各领域的深度好文\男生和女生长期打王者会产生感觉吗？ - 知乎.pdf"
"MAT-0184","男生或女生可以不自爱到什么程度？ - 知乎.pdf",".pdf","1607669","2026-08-18 14:57:13","待人工归类","待内容核验","D:\整体视频流程重建\资料库\原始资料\知乎付费1090篇合集 - 精选知乎各领域的深度好文\男生或女生可以不自爱到什么程度？ - 知乎.pdf"
"MAT-0185","男生或女生可以不自爱到什么程度？ - 知乎(3).pdf",".pdf","1607982","2026-08-18 14:57:12","待人工归类","待内容核验","D:\整体视频流程重建\资料库\原始资料\知乎付费1090篇合集 - 精选知乎各领域的深度好文\男生或女生可以不自爱到什么程度？ - 知乎(3).pdf"
"MAT-0186","男生真的可以一直爱一个女生吗？ - 知乎.pdf",".pdf","1142070","2026-08-18 14:57:15","待人工归类","待内容核验","D:\整体视频流程重建\资料库\原始资料\知乎付费1090篇合集 - 精选知乎各领域的深度好文\男生真的可以一直爱一个女生吗？ - 知乎.pdf"
"MAT-0187","你被吓得最惨的一次是什么情况？ - 知乎 (1)【手动整理‖：cunlove.Cn】.pdf",".pdf","1005356","2026-08-18 14:56:56","待人工归类","待内容核验","D:\整体视频流程重建\资料库\原始资料\知乎付费1090篇合集 - 精选知乎各领域的深度好文\你被吓得最惨的一次是什么情况？ - 知乎 (1)【手动整理‖：cunlove.Cn】.pdf"
"MAT-0188","你被吓得最惨的一次是什么情况？ - 知乎.pdf",".pdf","722362","2026-08-18 14:56:57","待人工归类","待内容核验","D:\整体视频流程重建\资料库\原始资料\知乎付费1090篇合集 - 精选知乎各领域的深度好文\你被吓得最惨的一次是什么情况？ - 知乎.pdf"
"MAT-0189","你曾经被什么样的人伤害过？ - 狄俄尼索斯 的回答 - 知乎.pdf",".pdf","1613919","2026-08-18 14:56:57","待人工归类","待内容核验","D:\整体视频流程重建\资料库\原始资料\知乎付费1090篇合集 - 精选知乎各领域的深度好文\你曾经被什么样的人伤害过？ - 狄俄尼索斯 的回答 - 知乎.pdf"
"MAT-0190","你曾经发现过哪些别人的惊天大秘密？ - 知乎.pdf",".pdf","1380899","2026-08-18 14:56:57","待人工归类","待内容核验","D:\整体视频流程重建\资料库\原始资料\知乎付费1090篇合集 - 精选知乎各领域的深度好文\你曾经发现过哪些别人的惊天大秘密？ - 知乎.pdf"
"MAT-0191","你曾经有过什么不为人知的变态想法？ - 知乎 (2).pdf",".pdf","675102","2026-08-18 14:56:58","待人工归类","待内容核验","D:\整体视频流程重建\资料库\原始资料\知乎付费1090篇合集 - 精选知乎各领域的深度好文\你曾经有过什么不为人知的变态想法？ - 知乎 (2).pdf"
"MAT-0192","你曾经有过什么不为人知的变态想法？ - 知乎.pdf",".pdf","1510022","2026-08-18 14:56:58","待人工归类","待内容核验","D:\整体视频流程重建\资料库\原始资料\知乎付费1090篇合集 - 精选知乎各领域的深度好文\你曾经有过什么不为人知的变态想法？ - 知乎.pdf"
"MAT-0193","你曾经有过什么不为人知的变态想法？ - 知乎(20210506114223).pdf",".pdf","688221","2026-08-18 14:56:58","待人工归类","待内容核验","D:\整体视频流程重建\资料库\原始资料\知乎付费1090篇合集 - 精选知乎各领域的深度好文\你曾经有过什么不为人知的变态想法？ - 知乎(20210506114223).pdf"
"MAT-0194","你曾经做过最羞耻的事是什么？ - 故事档案局 的回答 - 知乎.pdf",".pdf","3766174","2026-08-18 14:56:58","故事与案例","待内容核验","D:\整体视频流程重建\资料库\原始资料\知乎付费1090篇合集 - 精选知乎各领域的深度好文\你曾经做过最羞耻的事是什么？ - 故事档案局 的回答 - 知乎.pdf"
"MAT-0195","你穿到一个修仙文变成了一个试图勾引主的恶毒配，怎么办？ - 知乎.pdf",".pdf","3699821","2026-08-18 14:56:57","待人工归类","待内容核验","D:\整体视频流程重建\资料库\原始资料\知乎付费1090篇合集 - 精选知乎各领域的深度好文\你穿到一个修仙文变成了一个试图勾引主的恶毒配，怎么办？ - 知乎.pdf"
"MAT-0196","你从哪一刻开始决定不再善良的？ - 知乎.pdf",".pdf","1508245","2026-08-18 14:56:59","待人工归类","待内容核验","D:\整体视频流程重建\资料库\原始资料\知乎付费1090篇合集 - 精选知乎各领域的深度好文\你从哪一刻开始决定不再善良的？ - 知乎.pdf"
"MAT-0197","你从什么时候觉得平行时空一定存在的？ - 知乎.pdf",".pdf","2046136","2026-08-18 14:56:59","待人工归类","待内容核验","D:\整体视频流程重建\资料库\原始资料\知乎付费1090篇合集 - 精选知乎各领域的深度好文\你从什么时候觉得平行时空一定存在的？ - 知乎.pdf"
"MAT-0198","你的暗恋最终表白了吗_ - 知乎.pdf",".pdf","1489141","2026-08-18 14:57:00","待人工归类","待内容核验","D:\整体视频流程重建\资料库\原始资料\知乎付费1090篇合集 - 精选知乎各领域的深度好文\你的暗恋最终表白了吗_ - 知乎.pdf"
"MAT-0199","你的帅哥朋友是在哪里找的？ - 知乎.pdf",".pdf","1739951","2026-08-18 14:57:00","待人工归类","待内容核验","D:\整体视频流程重建\资料库\原始资料\知乎付费1090篇合集 - 精选知乎各领域的深度好文\你的帅哥朋友是在哪里找的？ - 知乎.pdf"
"MAT-0200","你都见过什么奇葩或恶心的室友？ - 知乎.pdf",".pdf","698408","2026-08-18 14:57:00","待人工归类","待内容核验","D:\整体视频流程重建\资料库\原始资料\知乎付费1090篇合集 - 精选知乎各领域的深度好文\你都见过什么奇葩或恶心的室友？ - 知乎.pdf"
"MAT-0201","你发现过上司的哪些秘密？ - 知乎.pdf",".pdf","938497","2026-08-18 14:57:00","待人工归类","待内容核验","D:\整体视频流程重建\资料库\原始资料\知乎付费1090篇合集 - 精选知乎各领域的深度好文\你发现过上司的哪些秘密？ - 知乎.pdf"
"MAT-0202","你干过最疯狂的一件事是什么？ - 知乎.pdf",".pdf","1837220","2026-08-18 14:57:00","待人工归类","待内容核验","D:\整体视频流程重建\资料库\原始资料\知乎付费1090篇合集 - 精选知乎各领域的深度好文\你干过最疯狂的一件事是什么？ - 知乎.pdf"
"MAT-0203","你高中知道的最恶心的事是什么？ - 知乎【花费时间‖免费获取：cunLove.cn】.pdf",".pdf","916117","2026-08-18 14:57:01","待人工归类","待内容核验","D:\整体视频流程重建\资料库\原始资料\知乎付费1090篇合集 - 精选知乎各领域的深度好文\你高中知道的最恶心的事是什么？ - 知乎【花费时间‖免费获取：cunLove.cn】.pdf"
"MAT-0204","你和异性发生过的最尴尬的事情是什么？ - 彭彭满 的回答 - 知乎【不易整理‖请关注：CunWorkNoteS】.pdf",".pdf","2507556","2026-08-18 14:57:01","待人工归类","待内容核验","D:\整体视频流程重建\资料库\原始资料\知乎付费1090篇合集 - 精选知乎各领域的深度好文\你和异性发生过的最尴尬的事情是什么？ - 彭彭满 的回答 - 知乎【不易整理‖请关注：CunWorkNoteS】.pdf"
"MAT-0205","你和异性朋友做过最暧昧的事是什么？ - 知乎.pdf",".pdf","2452327","2026-08-18 14:57:02","待人工归类","待内容核验","D:\整体视频流程重建\资料库\原始资料\知乎付费1090篇合集 - 精选知乎各领域的深度好文\你和异性朋友做过最暧昧的事是什么？ - 知乎.pdf"
"MAT-0206","你后悔娶了现在老婆吗？ - 知乎.pdf",".pdf","774972","2026-08-18 14:57:01","待人工归类","待内容核验","D:\整体视频流程重建\资料库\原始资料\知乎付费1090篇合集 - 精选知乎各领域的深度好文\你后悔娶了现在老婆吗？ - 知乎.pdf"
"MAT-0207","你坚持使用了一年以上的时间管理方法是怎样的？ - 知乎.pdf",".pdf","2547557","2026-08-18 14:57:02","商业与产品；职场与表达","待内容核验","D:\整体视频流程重建\资料库\原始资料\知乎付费1090篇合集 - 精选知乎各领域的深度好文\你坚持使用了一年以上的时间管理方法是怎样的？ - 知乎.pdf"
"MAT-0208","你见过大学生宿舍里哪些可怕的事情？ - 知乎.pdf",".pdf","1560715","2026-08-18 14:57:03","待人工归类","待内容核验","D:\整体视频流程重建\资料库\原始资料\知乎付费1090篇合集 - 精选知乎各领域的深度好文\你见过大学生宿舍里哪些可怕的事情？ - 知乎.pdf"
"MAT-0209","你见过的最奇葩的人是怎样的？ - Seasee Youl.pdf",".pdf","1958818","2026-08-18 14:57:03","待人工归类","待内容核验","D:\整体视频流程重建\资料库\原始资料\知乎付费1090篇合集 - 精选知乎各领域的深度好文\你见过的最奇葩的人是怎样的？ - Seasee Youl.pdf"
"MAT-0210","你见过的最阴暗的事是什么？ - 故事档案局 的回答 - 知乎.pdf",".pdf","1715601","2026-08-18 14:57:04","故事与案例","待内容核验","D:\整体视频流程重建\资料库\原始资料\知乎付费1090篇合集 - 精选知乎各领域的深度好文\你见过的最阴暗的事是什么？ - 故事档案局 的回答 - 知乎.pdf"
"MAT-0211","你见过的最阴暗的事是什么？ - 知乎(1)【整理不易‖免费奉上：cuNlove.cn】.pdf",".pdf","1277226","2026-08-18 14:57:03","待人工归类","待内容核验","D:\整体视频流程重建\资料库\原始资料\知乎付费1090篇合集 - 精选知乎各领域的深度好文\你见过的最阴暗的事是什么？ - 知乎(1)【整理不易‖免费奉上：cuNlove.cn】.pdf"
"MAT-0212","你见过的最阴暗的事是什么？ - 知乎【资源精选‖更多关注：CunworkNotes】.pdf",".pdf","1277219","2026-08-18 14:57:04","待人工归类","待内容核验","D:\整体视频流程重建\资料库\原始资料\知乎付费1090篇合集 - 精选知乎各领域的深度好文\你见过的最阴暗的事是什么？ - 知乎【资源精选‖更多关注：CunworkNotes】.pdf"
"MAT-0213","你见过一眼就让你怦然心动 漂亮_可爱的神_生是什么样的？ - 知乎【不易整理‖请关注：CunWorkNoteS】.pdf",".pdf","760978","2026-08-18 14:57:04","待人工归类","待内容核验","D:\整体视频流程重建\资料库\原始资料\知乎付费1090篇合集 - 精选知乎各领域的深度好文\你见过一眼就让你怦然心动 漂亮_可爱的神_生是什么样的？ - 知乎【不易整理‖请关注：CunWorkNoteS】.pdf"
"MAT-0214","你见过最恶心的人是什么样子？ - 知乎【耗时整理‖ cunlove.cn】.pdf",".pdf","1277114","2026-08-18 14:57:04","待人工归类","待内容核验","D:\整体视频流程重建\资料库\原始资料\知乎付费1090篇合集 - 精选知乎各领域的深度好文\你见过最恶心的人是什么样子？ - 知乎【耗时整理‖ cunlove.cn】.pdf"
"MAT-0215","你见过最高级的绿茶婊是什么样的？ - 知乎.pdf",".pdf","1191965","2026-08-18 14:57:04","待人工归类","待内容核验","D:\整体视频流程重建\资料库\原始资料\知乎付费1090篇合集 - 精选知乎各领域的深度好文\你见过最高级的绿茶婊是什么样的？ - 知乎.pdf"
"MAT-0216","你见过最酷的小说女主是谁？ - 知乎.pdf",".pdf","2053449","2026-08-18 14:57:05","故事与案例","待内容核验","D:\整体视频流程重建\资料库\原始资料\知乎付费1090篇合集 - 精选知乎各领域的深度好文\你见过最酷的小说女主是谁？ - 知乎.pdf"
"MAT-0217","你见过最丧心病狂的案子是什么？ - 知乎【耗时整理‖ cunlove.cn】.pdf",".pdf","978055","2026-08-18 14:57:05","待人工归类","待内容核验","D:\整体视频流程重建\资料库\原始资料\知乎付费1090篇合集 - 精选知乎各领域的深度好文\你见过最丧心病狂的案子是什么？ - 知乎【耗时整理‖ cunlove.cn】.pdf"
"MAT-0218","你见过最土的土豪有多土？ - 知乎.pdf",".pdf","1298827","2026-08-18 14:57:05","待人工归类","待内容核验","D:\整体视频流程重建\资料库\原始资料\知乎付费1090篇合集 - 精选知乎各领域的深度好文\你见过最土的土豪有多土？ - 知乎.pdf"
"MAT-0219","你经历的最恐怖的瞬间是什么 _ - 知乎.pdf",".pdf","1365130","2026-08-18 14:57:05","待人工归类","待内容核验","D:\整体视频流程重建\资料库\原始资料\知乎付费1090篇合集 - 精选知乎各领域的深度好文\你经历的最恐怖的瞬间是什么 _ - 知乎.pdf"
"MAT-0220","你经历过哪些大型社死现场？ - 知乎.pdf",".pdf","3307976","2026-08-18 14:57:06","待人工归类","待内容核验","D:\整体视频流程重建\资料库\原始资料\知乎付费1090篇合集 - 精选知乎各领域的深度好文\你经历过哪些大型社死现场？ - 知乎.pdf"
"MAT-0221","你经历过让你怀疑这个世界有平行空间的事？ - 知乎.pdf",".pdf","1133002","2026-08-18 14:57:06","待人工归类","待内容核验","D:\整体视频流程重建\资料库\原始资料\知乎付费1090篇合集 - 精选知乎各领域的深度好文\你经历过让你怀疑这个世界有平行空间的事？ - 知乎.pdf"
"MAT-0222","你经历过让你怀疑这个世界有平行空间的事？ - 知乎(1).pdf",".pdf","1700577","2026-08-18 14:57:06","待人工归类","待内容核验","D:\整体视频流程重建\资料库\原始资料\知乎付费1090篇合集 - 精选知乎各领域的深度好文\你经历过让你怀疑这个世界有平行空间的事？ - 知乎(1).pdf"
"MAT-0223","你经历过最害羞的事儿是什么？ - 知乎 (1).pdf",".pdf","3008825","2026-08-18 14:57:06","待人工归类","待内容核验","D:\整体视频流程重建\资料库\原始资料\知乎付费1090篇合集 - 精选知乎各领域的深度好文\你经历过最害羞的事儿是什么？ - 知乎 (1).pdf"
"MAT-0224","你经历过最害羞的事儿是什么？ - 知乎(1).pdf",".pdf","2649013","2026-08-18 14:57:06","待人工归类","待内容核验","D:\整体视频流程重建\资料库\原始资料\知乎付费1090篇合集 - 精选知乎各领域的深度好文\你经历过最害羞的事儿是什么？ - 知乎(1).pdf"
"MAT-0225","你经历过最害羞的事儿是什么？ - 知乎【手动整理‖：cunlove.Cn】.pdf",".pdf","2649017","2026-08-18 14:57:07","待人工归类","待内容核验","D:\整体视频流程重建\资料库\原始资料\知乎付费1090篇合集 - 精选知乎各领域的深度好文\你经历过最害羞的事儿是什么？ - 知乎【手动整理‖：cunlove.Cn】.pdf"
"MAT-0226","你经历过最害羞的事是什么？ - 知乎.pdf",".pdf","664208","2026-08-18 14:57:07","待人工归类","待内容核验","D:\整体视频流程重建\资料库\原始资料\知乎付费1090篇合集 - 精选知乎各领域的深度好文\你经历过最害羞的事是什么？ - 知乎.pdf"
"MAT-0227","你觉得大学期间最恶心的事是什么？ - 知乎.pdf",".pdf","473899","2026-08-18 14:57:02","待人工归类","待内容核验","D:\整体视频流程重建\资料库\原始资料\知乎付费1090篇合集 - 精选知乎各领域的深度好文\你觉得大学期间最恶心的事是什么？ - 知乎.pdf"
"MAT-0228","你觉得和大叔谈恋爱什么感觉？ - 知乎.pdf",".pdf","727386","2026-08-18 14:57:03","待人工归类","待内容核验","D:\整体视频流程重建\资料库\原始资料\知乎付费1090篇合集 - 精选知乎各领域的深度好文\你觉得和大叔谈恋爱什么感觉？ - 知乎.pdf"
"MAT-0229","你看过哪些超级虐心的小说？ - 知乎【花费时间‖免费获取：cunLove.cn】.pdf",".pdf","1421724","2026-08-18 14:57:07","故事与案例","待内容核验","D:\整体视频流程重建\资料库\原始资料\知乎付费1090篇合集 - 精选知乎各领域的深度好文\你看过哪些超级虐心的小说？ - 知乎【花费时间‖免费获取：cunLove.cn】.pdf"
"MAT-0230","你看过哪些虐到深夜不敢哭出声的小说？ - 知乎【手动整理‖：cunlove.Cn】.pdf",".pdf","5065723","2026-08-18 14:57:07","故事与案例","待内容核验","D:\整体视频流程重建\资料库\原始资料\知乎付费1090篇合集 - 精选知乎各领域的深度好文\你看过哪些虐到深夜不敢哭出声的小说？ - 知乎【手动整理‖：cunlove.Cn】.pdf"
"MAT-0231","你看过最虐的虐文是哪个？ - 知乎【公重号：CunWorkNotes】.pdf",".pdf","1428236","2026-08-18 14:57:07","待人工归类","待内容核验","D:\整体视频流程重建\资料库\原始资料\知乎付费1090篇合集 - 精选知乎各领域的深度好文\你看过最虐的虐文是哪个？ - 知乎【公重号：CunWorkNotes】.pdf"
"MAT-0232","你看过最爽的爽文有多爽？ - 小仙 的回答 - 知乎.pdf",".pdf","8724870","2026-08-18 14:58:52","待人工归类","待内容核验","D:\整体视频流程重建\资料库\原始资料\知乎付费1090篇合集 - 精选知乎各领域的深度好文\你看过最爽的爽文有多爽？ - 小仙 的回答 - 知乎.pdf"
"MAT-0233","你看过最爽的爽文有多爽？ - 知乎 (1).pdf",".pdf","466514","2026-08-18 14:57:07","待人工归类","待内容核验","D:\整体视频流程重建\资料库\原始资料\知乎付费1090篇合集 - 精选知乎各领域的深度好文\你看过最爽的爽文有多爽？ - 知乎 (1).pdf"
"MAT-0234","你看过最爽的爽文有多爽？ - 知乎.pdf",".pdf","1001563","2026-08-18 14:57:07","待人工归类","待内容核验","D:\整体视频流程重建\资料库\原始资料\知乎付费1090篇合集 - 精选知乎各领域的深度好文\你看过最爽的爽文有多爽？ - 知乎.pdf"
"MAT-0235","你老公曾有什么行为让你感觉到恶心吗？ - 乔太太 的回答 - 知乎.pdf",".pdf","2489004","2026-08-18 14:57:08","认知与思维","待内容核验","D:\整体视频流程重建\资料库\原始资料\知乎付费1090篇合集 - 精选知乎各领域的深度好文\你老公曾有什么行为让你感觉到恶心吗？ - 乔太太 的回答 - 知乎.pdf"
"MAT-0236","你们的朋友泡到你们之前是怎么撩你们的？ - 知乎【资源精选‖更多关注：CunworkNotes】.pdf",".pdf","1817487","2026-08-18 14:57:08","待人工归类","待内容核验","D:\整体视频流程重建\资料库\原始资料\知乎付费1090篇合集 - 精选知乎各领域的深度好文\你们的朋友泡到你们之前是怎么撩你们的？ - 知乎【资源精选‖更多关注：CunworkNotes】.pdf"
"MAT-0237","你们和你男朋友做过什么害羞的事？ - 知乎.pdf",".pdf","1585545","2026-08-18 14:57:08","待人工归类","待内容核验","D:\整体视频流程重建\资料库\原始资料\知乎付费1090篇合集 - 精选知乎各领域的深度好文\你们和你男朋友做过什么害羞的事？ - 知乎.pdf"
"MAT-0238","你们见过最毁三观的事情是什么？ - 知乎.pdf",".pdf","1475635","2026-08-18 14:57:08","待人工归类","待内容核验","D:\整体视频流程重建\资料库\原始资料\知乎付费1090篇合集 - 精选知乎各领域的深度好文\你们见过最毁三观的事情是什么？ - 知乎.pdf"
"MAT-0239","你们谈恋爱累吗？ - 知乎.pdf",".pdf","638311","2026-08-18 14:57:10","待人工归类","待内容核验","D:\整体视频流程重建\资料库\原始资料\知乎付费1090篇合集 - 精选知乎各领域的深度好文\你们谈恋爱累吗？ - 知乎.pdf"
"MAT-0240","你们谈恋爱累吗？ - 知乎(1)【耗时整理‖ cunlove.cn】.pdf",".pdf","2320644","2026-08-18 14:57:09","待人工归类","待内容核验","D:\整体视频流程重建\资料库\原始资料\知乎付费1090篇合集 - 精选知乎各领域的深度好文\你们谈恋爱累吗？ - 知乎(1)【耗时整理‖ cunlove.cn】.pdf"
"MAT-0241","你们谈恋爱累吗？ - 知乎(2).pdf",".pdf","1141793","2026-08-18 14:57:10","待人工归类","待内容核验","D:\整体视频流程重建\资料库\原始资料\知乎付费1090篇合集 - 精选知乎各领域的深度好文\你们谈恋爱累吗？ - 知乎(2).pdf"
"MAT-0242","你们谈恋爱累吗？ - 知乎(3)【精挑细选‖免费提供：cunlovE.cn】.pdf",".pdf","1141987","2026-08-18 14:57:10","待人工归类","待内容核验","D:\整体视频流程重建\资料库\原始资料\知乎付费1090篇合集 - 精选知乎各领域的深度好文\你们谈恋爱累吗？ - 知乎(3)【精挑细选‖免费提供：cunlovE.cn】.pdf"
"MAT-0243","你们听到过最恐怖的故事有哪些？ - 知乎 (1).pdf",".pdf","1965638","2026-08-18 14:57:09","故事与案例","待内容核验","D:\整体视频流程重建\资料库\原始资料\知乎付费1090篇合集 - 精选知乎各领域的深度好文\你们听到过最恐怖的故事有哪些？ - 知乎 (1).pdf"
"MAT-0244","你们听到过最恐怖的故事有哪些？ - 知乎【不易整理‖请关注：CunWorkNoteS】.pdf",".pdf","979283","2026-08-18 14:57:09","故事与案例","待内容核验","D:\整体视频流程重建\资料库\原始资料\知乎付费1090篇合集 - 精选知乎各领域的深度好文\你们听到过最恐怖的故事有哪些？ - 知乎【不易整理‖请关注：CunWorkNoteS】.pdf"
"MAT-0245","你们相信存在平行世界吗？ - 知乎.pdf",".pdf","1936105","2026-08-18 14:57:11","待人工归类","待内容核验","D:\整体视频流程重建\资料库\原始资料\知乎付费1090篇合集 - 精选知乎各领域的深度好文\你们相信存在平行世界吗？ - 知乎.pdf"
"MAT-0246","你们小时候听过最恐怖的鬼故事是什么？ - 知乎 (1)【花费时间‖免费获取：cunLove.cn】.pdf",".pdf","1106668","2026-08-18 14:57:10","故事与案例","待内容核验","D:\整体视频流程重建\资料库\原始资料\知乎付费1090篇合集 - 精选知乎各领域的深度好文\你们小时候听过最恐怖的鬼故事是什么？ - 知乎 (1)【花费时间‖免费获取：cunLove.cn】.pdf"
"MAT-0247","你们小时候听过最恐怖的鬼故事是什么？ - 知乎.pdf",".pdf","739086","2026-08-18 14:57:10","故事与案例","待内容核验","D:\整体视频流程重建\资料库\原始资料\知乎付费1090篇合集 - 精选知乎各领域的深度好文\你们小时候听过最恐怖的鬼故事是什么？ - 知乎.pdf"
"MAT-0248","你们遇到过的最混乱的家庭关系是怎样的？ - 知乎 (1)【公重号：CunWorkNotes】.pdf",".pdf","1456826","2026-08-18 14:57:10","待人工归类","待内容核验","D:\整体视频流程重建\资料库\原始资料\知乎付费1090篇合集 - 精选知乎各领域的深度好文\你们遇到过的最混乱的家庭关系是怎样的？ - 知乎 (1)【公重号：CunWorkNotes】.pdf"
"MAT-0249","你们遇到过的最混乱的家庭关系是怎样的？ - 知乎.pdf",".pdf","665628","2026-08-18 14:57:11","待人工归类","待内容核验","D:\整体视频流程重建\资料库\原始资料\知乎付费1090篇合集 - 精选知乎各领域的深度好文\你们遇到过的最混乱的家庭关系是怎样的？ - 知乎.pdf"
"MAT-0250","你能给我讲一个鬼故事吗？ - 知乎.pdf",".pdf","650242","2026-08-18 14:57:11","故事与案例","待内容核验","D:\整体视频流程重建\资料库\原始资料\知乎付费1090篇合集 - 精选知乎各领域的深度好文\你能给我讲一个鬼故事吗？ - 知乎.pdf"
"MAT-0251","你身边有哪些变态？ - 墨绿枭 的回答 - 知乎.pdf",".pdf","2108198","2026-08-18 14:57:12","待人工归类","待内容核验","D:\整体视频流程重建\资料库\原始资料\知乎付费1090篇合集 - 精选知乎各领域的深度好文\你身边有哪些变态？ - 墨绿枭 的回答 - 知乎.pdf"
"MAT-0252","你身边有哪些变态？ - 知乎.pdf",".pdf","539734","2026-08-18 14:57:12","待人工归类","待内容核验","D:\整体视频流程重建\资料库\原始资料\知乎付费1090篇合集 - 精选知乎各领域的深度好文\你身边有哪些变态？ - 知乎.pdf"
"MAT-0253","你是从哪些细节发现对方出轨的？有什么技巧吗？ - 知乎【资源精选‖更多关注：CunworkNotes】.pdf",".pdf","687674","2026-08-18 14:57:12","待人工归类","待内容核验","D:\整体视频流程重建\资料库\原始资料\知乎付费1090篇合集 - 精选知乎各领域的深度好文\你是从哪些细节发现对方出轨的？有什么技巧吗？ - 知乎【资源精选‖更多关注：CunworkNotes】.pdf"
"MAT-0254","你是如何发现自己对象出轨的？ - 知乎.pdf",".pdf","1120551","2026-08-18 14:57:14","待人工归类","待内容核验","D:\整体视频流程重建\资料库\原始资料\知乎付费1090篇合集 - 精选知乎各领域的深度好文\你是如何发现自己对象出轨的？ - 知乎.pdf"
"MAT-0255","你是怎么和前任告的别？ - 知乎.pdf",".pdf","990591","2026-08-18 14:57:15","待人工归类","待内容核验","D:\整体视频流程重建\资料库\原始资料\知乎付费1090篇合集 - 精选知乎各领域的深度好文\你是怎么和前任告的别？ - 知乎.pdf"
"MAT-0256","你是怎样放弃你曾经很喜欢的人？ - 知乎.pdf",".pdf","684366","2026-08-18 14:57:15","待人工归类","待内容核验","D:\整体视频流程重建\资料库\原始资料\知乎付费1090篇合集 - 精选知乎各领域的深度好文\你是怎样放弃你曾经很喜欢的人？ - 知乎.pdf"
"MAT-0257","你所见过的最厉害的小三都有哪些手段？说说吧？ - 知乎.pdf",".pdf","1454229","2026-08-18 14:57:13","待人工归类","待内容核验","D:\整体视频流程重建\资料库\原始资料\知乎付费1090篇合集 - 精选知乎各领域的深度好文\你所见过的最厉害的小三都有哪些手段？说说吧？ - 知乎.pdf"
"MAT-0258","你所知道的最细思恐极的事情或者故事是什么？ - 知乎 (1).pdf",".pdf","620167","2026-08-18 14:57:14","故事与案例","待内容核验","D:\整体视频流程重建\资料库\原始资料\知乎付费1090篇合集 - 精选知乎各领域的深度好文\你所知道的最细思恐极的事情或者故事是什么？ - 知乎 (1).pdf"
"MAT-0259","你所知道的最细思恐极的事情或者故事是什么？ - 知乎.pdf",".pdf","750560","2026-08-18 14:57:14","故事与案例","待内容核验","D:\整体视频流程重建\资料库\原始资料\知乎付费1090篇合集 - 精选知乎各领域的深度好文\你所知道的最细思恐极的事情或者故事是什么？ - 知乎.pdf"
"MAT-0260","你听过哪些三观最不正的话？ - 知乎.pdf",".pdf","1516941","2026-08-18 14:57:15","待人工归类","待内容核验","D:\整体视频流程重建\资料库\原始资料\知乎付费1090篇合集 - 精选知乎各领域的深度好文\你听过哪些三观最不正的话？ - 知乎.pdf"
"MAT-0261","你听过最恐怖的故事是什么？ - 知乎 (1).pdf",".pdf","1273864","2026-08-18 14:57:16","故事与案例","待内容核验","D:\整体视频流程重建\资料库\原始资料\知乎付费1090篇合集 - 精选知乎各领域的深度好文\你听过最恐怖的故事是什么？ - 知乎 (1).pdf"
"MAT-0262","你听过最恐怖的故事是什么？ - 知乎.pdf",".pdf","1207549","2026-08-18 14:57:16","故事与案例","待内容核验","D:\整体视频流程重建\资料库\原始资料\知乎付费1090篇合集 - 精选知乎各领域的深度好文\你听过最恐怖的故事是什么？ - 知乎.pdf"
"MAT-0263","你听过最恐怖的故事是什么？ - 知乎(1).pdf",".pdf","1273887","2026-08-18 14:57:16","故事与案例","待内容核验","D:\整体视频流程重建\资料库\原始资料\知乎付费1090篇合集 - 精选知乎各领域的深度好文\你听过最恐怖的故事是什么？ - 知乎(1).pdf"
"MAT-0264","你听过最恐怖故事是什么？ - 知乎.pdf",".pdf","1553820","2026-08-18 14:57:16","故事与案例","待内容核验","D:\整体视频流程重建\资料库\原始资料\知乎付费1090篇合集 - 精选知乎各领域的深度好文\你听过最恐怖故事是什么？ - 知乎.pdf"
"MAT-0265","你无意间听到过哪些毁三观的谈话内容？ - 知乎.pdf",".pdf","815443","2026-08-18 14:57:16","待人工归类","待内容核验","D:\整体视频流程重建\资料库\原始资料\知乎付费1090篇合集 - 精选知乎各领域的深度好文\你无意间听到过哪些毁三观的谈话内容？ - 知乎.pdf"
"MAT-0266","你有没有亲身遇到过灵异事件？ - 知乎.pdf",".pdf","1103595","2026-08-18 14:57:17","待人工归类","待内容核验","D:\整体视频流程重建\资料库\原始资料\知乎付费1090篇合集 - 精选知乎各领域的深度好文\你有没有亲身遇到过灵异事件？ - 知乎.pdf"
"MAT-0267","你有没有一个像谢景行那样的白月光主_ - 知乎.pdf",".pdf","2610065","2026-08-18 14:57:18","待人工归类","待内容核验","D:\整体视频流程重建\资料库\原始资料\知乎付费1090篇合集 - 精选知乎各领域的深度好文\你有没有一个像谢景行那样的白月光主_ - 知乎.pdf"
"MAT-0268","你有没有遇到过绿茶婊的经历？ - 知乎.pdf",".pdf","2847922","2026-08-18 14:57:17","待人工归类","待内容核验","D:\整体视频流程重建\资料库\原始资料\知乎付费1090篇合集 - 精选知乎各领域的深度好文\你有没有遇到过绿茶婊的经历？ - 知乎.pdf"
"MAT-0269","你有没有在一瞬间突然认清了一个人？ - 知乎.pdf",".pdf","963211","2026-08-18 14:57:18","待人工归类","待内容核验","D:\整体视频流程重建\资料库\原始资料\知乎付费1090篇合集 - 精选知乎各领域的深度好文\你有没有在一瞬间突然认清了一个人？ - 知乎.pdf"
"MAT-0270","你有没有在一瞬间突然认清了一个人？ - 知乎(1).pdf",".pdf","1107793","2026-08-18 14:57:18","待人工归类","待内容核验","D:\整体视频流程重建\资料库\原始资料\知乎付费1090篇合集 - 精选知乎各领域的深度好文\你有没有在一瞬间突然认清了一个人？ - 知乎(1).pdf"
"MAT-0271","你有没有在一瞬间突然认清了一个人【手动整理‖：cunlove.Cn】.pdf",".pdf","1664676","2026-08-18 14:57:18","待人工归类","待内容核验","D:\整体视频流程重建\资料库\原始资料\知乎付费1090篇合集 - 精选知乎各领域的深度好文\你有没有在一瞬间突然认清了一个人【手动整理‖：cunlove.Cn】.pdf"
"MAT-0272","你有哪些当初没听出来的弦外之音？ - 知乎【不易整理‖请关注：CunWorkNoteS】.pdf",".pdf","1538014","2026-08-18 14:57:19","待人工归类","待内容核验","D:\整体视频流程重建\资料库\原始资料\知乎付费1090篇合集 - 精选知乎各领域的深度好文\你有哪些当初没听出来的弦外之音？ - 知乎【不易整理‖请关注：CunWorkNoteS】.pdf"
"MAT-0273","你有哪些恶心到爆的同学？ - 知乎【优质合集‖免费获取：cunlove.cN】.pdf",".pdf","1239538","2026-08-18 14:57:19","待人工归类","待内容核验","D:\整体视频流程重建\资料库\原始资料\知乎付费1090篇合集 - 精选知乎各领域的深度好文\你有哪些恶心到爆的同学？ - 知乎【优质合集‖免费获取：cunlove.cN】.pdf"
"MAT-0274","你有哪些秘密只敢匿名说出来_ - 知乎.pdf",".pdf","487665","2026-08-18 14:57:19","待人工归类","待内容核验","D:\整体视频流程重建\资料库\原始资料\知乎付费1090篇合集 - 精选知乎各领域的深度好文\你有哪些秘密只敢匿名说出来_ - 知乎.pdf"
"MAT-0275","你有什么真实的恐怖经历？ - 知乎.pdf",".pdf","1617862","2026-08-18 14:57:20","故事与案例","待内容核验","D:\整体视频流程重建\资料库\原始资料\知乎付费1090篇合集 - 精选知乎各领域的深度好文\你有什么真实的恐怖经历？ - 知乎.pdf"
"MAT-0276","你有什么至今想起来后怕的事情？ - 黑月 的回答 - 知乎.pdf",".pdf","1631662","2026-08-18 14:57:19","待人工归类","待内容核验","D:\整体视频流程重建\资料库\原始资料\知乎付费1090篇合集 - 精选知乎各领域的深度好文\你有什么至今想起来后怕的事情？ - 黑月 的回答 - 知乎.pdf"
"MAT-0277","你有什么至今想起来后怕的事情？ - 知乎.pdf",".pdf","1007163","2026-08-18 14:57:19","待人工归类","待内容核验","D:\整体视频流程重建\资料库\原始资料\知乎付费1090篇合集 - 精选知乎各领域的深度好文\你有什么至今想起来后怕的事情？ - 知乎.pdf"
"MAT-0278","你遇到过的最恶心的事是什么？ - 鹅子 的回答 - 知乎.pdf",".pdf","2896112","2026-08-18 14:57:17","待人工归类","待内容核验","D:\整体视频流程重建\资料库\原始资料\知乎付费1090篇合集 - 精选知乎各领域的深度好文\你遇到过的最恶心的事是什么？ - 鹅子 的回答 - 知乎.pdf"
"MAT-0279","你在不经意间看见过什么不该看见的东西或者事情？ - 白帝 的回答 - 知乎.pdf",".pdf","2728218","2026-08-18 14:57:20","待人工归类","待内容核验","D:\整体视频流程重建\资料库\原始资料\知乎付费1090篇合集 - 精选知乎各领域的深度好文\你在不经意间看见过什么不该看见的东西或者事情？ - 白帝 的回答 - 知乎.pdf"
"MAT-0280","你在不经意间看见过什么不该看见的东西或者事情？ - 洛小阳 的回答 - 知乎【良心整理‖免费获取：cunloVe.cn】.pdf",".pdf","4618822","2026-08-18 14:57:20","待人工归类","待内容核验","D:\整体视频流程重建\资料库\原始资料\知乎付费1090篇合集 - 精选知乎各领域的深度好文\你在不经意间看见过什么不该看见的东西或者事情？ - 洛小阳 的回答 - 知乎【良心整理‖免费获取：cunloVe.cn】.pdf"
"MAT-0281","你在不经意间看见过什么不该看见的东西或者事情？ - 知乎.pdf",".pdf","3470621","2026-08-18 14:57:21","待人工归类","待内容核验","D:\整体视频流程重建\资料库\原始资料\知乎付费1090篇合集 - 精选知乎各领域的深度好文\你在不经意间看见过什么不该看见的东西或者事情？ - 知乎.pdf"
"MAT-0282","你在高中时听说过……【不易整理‖请关注：CunWorkNoteS】.pdf",".pdf","2009148","2026-08-18 14:57:22","待人工归类","待内容核验","D:\整体视频流程重建\资料库\原始资料\知乎付费1090篇合集 - 精选知乎各领域的深度好文\你在高中时听说过……【不易整理‖请关注：CunWorkNoteS】.pdf"
"MAT-0283","你在高中做过最疯狂的事情是什么？ - 知乎.pdf",".pdf","1578629","2026-08-18 14:57:22","待人工归类","待内容核验","D:\整体视频流程重建\资料库\原始资料\知乎付费1090篇合集 - 精选知乎各领域的深度好文\你在高中做过最疯狂的事情是什么？ - 知乎.pdf"
"MAT-0284","你这辈子做过最羞耻的事是什么？ - 知乎 (2).pdf",".pdf","3010330","2026-08-18 14:57:21","待人工归类","待内容核验","D:\整体视频流程重建\资料库\原始资料\知乎付费1090篇合集 - 精选知乎各领域的深度好文\你这辈子做过最羞耻的事是什么？ - 知乎 (2).pdf"
"MAT-0285","你这辈子做过最羞耻的事是什么？ - 知乎.pdf",".pdf","993042","2026-08-18 14:57:22","待人工归类","待内容核验","D:\整体视频流程重建\资料库\原始资料\知乎付费1090篇合集 - 精选知乎各领域的深度好文\你这辈子做过最羞耻的事是什么？ - 知乎.pdf"
"MAT-0286","你这辈子做过最羞耻的事是什么？ - 知乎(20210506114225).pdf",".pdf","1070176","2026-08-18 14:57:21","待人工归类","待内容核验","D:\整体视频流程重建\资料库\原始资料\知乎付费1090篇合集 - 精选知乎各领域的深度好文\你这辈子做过最羞耻的事是什么？ - 知乎(20210506114225).pdf"
"MAT-0287","你自认为最难以启齿的秘密是什么？ - 知乎(1).pdf",".pdf","1619567","2026-08-18 14:57:22","待人工归类","待内容核验","D:\整体视频流程重建\资料库\原始资料\知乎付费1090篇合集 - 精选知乎各领域的深度好文\你自认为最难以启齿的秘密是什么？ - 知乎(1).pdf"
"MAT-0288","你最想瞒住的秘密是什么？ - 知乎.pdf",".pdf","1330134","2026-08-18 14:57:22","待人工归类","待内容核验","D:\整体视频流程重建\资料库\原始资料\知乎付费1090篇合集 - 精选知乎各领域的深度好文\你最想瞒住的秘密是什么？ - 知乎.pdf"
"MAT-0289","女大学生寝室的关系可以可怕到什么程度？ - 知乎.pdf",".pdf","1399657","2026-08-18 14:57:00","待人工归类","待内容核验","D:\整体视频流程重建\资料库\原始资料\知乎付费1090篇合集 - 精选知乎各领域的深度好文\女大学生寝室的关系可以可怕到什么程度？ - 知乎.pdf"
"MAT-0290","女孩子长得漂亮是种怎样的体验？ - 知乎(1).pdf",".pdf","1161332","2026-08-18 14:57:02","待人工归类","待内容核验","D:\整体视频流程重建\资料库\原始资料\知乎付费1090篇合集 - 精选知乎各领域的深度好文\女孩子长得漂亮是种怎样的体验？ - 知乎(1).pdf"
"MAT-0291","女生的套路到底有多深？ - 知乎.pdf",".pdf","1457378","2026-08-18 14:57:12","待人工归类","待内容核验","D:\整体视频流程重建\资料库\原始资料\知乎付费1090篇合集 - 精选知乎各领域的深度好文\女生的套路到底有多深？ - 知乎.pdf"
"MAT-0292","女生如果主动点，男生真的容易心动吗？ - 知乎.pdf",".pdf","1623323","2026-08-18 14:57:14","待人工归类","待内容核验","D:\整体视频流程重建\资料库\原始资料\知乎付费1090篇合集 - 精选知乎各领域的深度好文\女生如果主动点，男生真的容易心动吗？ - 知乎.pdf"
"MAT-0293","女生什么情况下才会对男生彻底失望？ - 知乎.pdf",".pdf","2324788","2026-08-18 14:57:14","待人工归类","待内容核验","D:\整体视频流程重建\资料库\原始资料\知乎付费1090篇合集 - 精选知乎各领域的深度好文\女生什么情况下才会对男生彻底失望？ - 知乎.pdf"
"MAT-0294","女生什么情况下才会对男生彻底失望？ - 知乎(1)(1).pdf",".pdf","2324788","2026-08-18 14:57:14","待人工归类","待内容核验","D:\整体视频流程重建\资料库\原始资料\知乎付费1090篇合集 - 精选知乎各领域的深度好文\女生什么情况下才会对男生彻底失望？ - 知乎(1)(1).pdf"
"MAT-0295","女生直觉到底可以有多准？ - 知乎【花费时间‖：cunLove.cn】.pdf",".pdf","1379616","2026-08-18 14:57:15","待人工归类","待内容核验","D:\整体视频流程重建\资料库\原始资料\知乎付费1090篇合集 - 精选知乎各领域的深度好文\女生直觉到底可以有多准？ - 知乎【花费时间‖：cunLove.cn】.pdf"
"MAT-0296","女性的直觉可信度有多高？ - 知乎.pdf",".pdf","1514781","2026-08-18 14:57:17","待人工归类","待内容核验","D:\整体视频流程重建\资料库\原始资料\知乎付费1090篇合集 - 精选知乎各领域的深度好文\女性的直觉可信度有多高？ - 知乎.pdf"
"MAT-0297","朋友很会是什么体验？ - 知乎.pdf",".pdf","1712720","2026-08-18 14:57:23","待人工归类","待内容核验","D:\整体视频流程重建\资料库\原始资料\知乎付费1090篇合集 - 精选知乎各领域的深度好文\朋友很会是什么体验？ - 知乎.pdf"
"MAT-0298","妻子的复仇 虐心小说 - 知乎.pdf",".pdf","787791","2026-08-18 14:57:24","故事与案例","待内容核验","D:\整体视频流程重建\资料库\原始资料\知乎付费1090篇合集 - 精选知乎各领域的深度好文\妻子的复仇 虐心小说 - 知乎.pdf"
"MAT-0299","前女友可以有多恶心？ - 知乎.pdf",".pdf","1504655","2026-08-18 14:57:23","待人工归类","待内容核验","D:\整体视频流程重建\资料库\原始资料\知乎付费1090篇合集 - 精选知乎各领域的深度好文\前女友可以有多恶心？ - 知乎.pdf"
"MAT-0300","前友可以有多恶心？ - 知乎.pdf",".pdf","1504655","2026-08-18 14:57:24","待人工归类","待内容核验","D:\整体视频流程重建\资料库\原始资料\知乎付费1090篇合集 - 精选知乎各领域的深度好文\前友可以有多恶心？ - 知乎.pdf"
"MAT-0301","情侣在一起时有什么尴尬的瞬间？ - 小仙 的回答 - 知乎.pdf",".pdf","3773921","2026-08-18 14:57:23","待人工归类","待内容核验","D:\整体视频流程重建\资料库\原始资料\知乎付费1090篇合集 - 精选知乎各领域的深度好文\情侣在一起时有什么尴尬的瞬间？ - 小仙 的回答 - 知乎.pdf"
"MAT-0302","情商低的男性有哪些表现？ - 知乎.pdf",".pdf","423960","2026-08-18 14:57:23","待人工归类","待内容核验","D:\整体视频流程重建\资料库\原始资料\知乎付费1090篇合集 - 精选知乎各领域的深度好文\情商低的男性有哪些表现？ - 知乎.pdf"
"MAT-0303","求推荐女尊文_ - 知乎.pdf",".pdf","6064440","2026-08-18 14:57:24","待人工归类","待内容核验","D:\整体视频流程重建\资料库\原始资料\知乎付费1090篇合集 - 精选知乎各领域的深度好文\求推荐女尊文_ - 知乎.pdf"
"MAT-0304","求推荐先婚后爱主很厉害的古言小说？ - 宫墙往事 的回答 - 知乎.pdf",".pdf","3590818","2026-08-18 14:57:24","故事与案例","待内容核验","D:\整体视频流程重建\资料库\原始资料\知乎付费1090篇合集 - 精选知乎各领域的深度好文\求推荐先婚后爱主很厉害的古言小说？ - 宫墙往事 的回答 - 知乎.pdf"
"MAT-0305","求一些重生的爽文（最好是甜宠的）？ - 知乎.pdf",".pdf","2037426","2026-08-18 14:57:24","待人工归类","待内容核验","D:\整体视频流程重建\资料库\原始资料\知乎付费1090篇合集 - 精选知乎各领域的深度好文\求一些重生的爽文（最好是甜宠的）？ - 知乎.pdf"
"MAT-0306","人的第六感究竟可怕到什么程度？ - 知乎【良心整理‖免费获取：cunloVe.cn】.pdf",".pdf","1080555","2026-08-18 14:57:25","待人工归类","待内容核验","D:\整体视频流程重建\资料库\原始资料\知乎付费1090篇合集 - 精选知乎各领域的深度好文\人的第六感究竟可怕到什么程度？ - 知乎【良心整理‖免费获取：cunloVe.cn】.pdf"
"MAT-0307","人类历史上下注最大的一次赌博是什么？ - 知乎 (1)【耗时整理‖不易且全免费：cunlOve.cn】.pdf",".pdf","6352115","2026-08-18 14:57:47","故事与案例","待内容核验","D:\整体视频流程重建\资料库\原始资料\知乎付费1090篇合集 - 精选知乎各领域的深度好文\人类历史上下注最大的一次赌博是什么？ - 知乎 (1)【耗时整理‖不易且全免费：cunlOve.cn】.pdf"
"MAT-0308","人类历史上下注最大的一次赌博是什么？ - 知乎 (2).pdf",".pdf","1847428","2026-08-18 14:57:46","故事与案例","待内容核验","D:\整体视频流程重建\资料库\原始资料\知乎付费1090篇合集 - 精选知乎各领域的深度好文\人类历史上下注最大的一次赌博是什么？ - 知乎 (2).pdf"
"MAT-0309","人类历史上下注最大的一次赌博是什么？ - 知乎.pdf",".pdf","5991972","2026-08-18 14:57:47","故事与案例","待内容核验","D:\整体视频流程重建\资料库\原始资料\知乎付费1090篇合集 - 精选知乎各领域的深度好文\人类历史上下注最大的一次赌博是什么？ - 知乎.pdf"
"MAT-0310","人是怎么变强的？ - 知乎.pdf",".pdf","636138","2026-08-18 14:57:47","待人工归类","待内容核验","D:\整体视频流程重建\资料库\原始资料\知乎付费1090篇合集 - 精选知乎各领域的深度好文\人是怎么变强的？ - 知乎.pdf"
"MAT-0311","人在乎人胖吗？ - 知乎.pdf",".pdf","2072615","2026-08-18 14:57:47","待人工归类","待内容核验","D:\整体视频流程重建\资料库\原始资料\知乎付费1090篇合集 - 精选知乎各领域的深度好文\人在乎人胖吗？ - 知乎.pdf"
"MAT-0312","人在迷茫没有方向的时候应该做些什么来确定自己人生的方向？ - 知乎.pdf",".pdf","6492173","2026-08-18 14:57:47","待人工归类","待内容核验","D:\整体视频流程重建\资料库\原始资料\知乎付费1090篇合集 - 精选知乎各领域的深度好文\人在迷茫没有方向的时候应该做些什么来确定自己人生的方向？ - 知乎.pdf"
"MAT-0313","如果穿越成为虐文的女配该怎么办？ - 知乎.pdf",".pdf","4324459","2026-08-18 14:57:25","待人工归类","待内容核验","D:\整体视频流程重建\资料库\原始资料\知乎付费1090篇合集 - 精选知乎各领域的深度好文\如果穿越成为虐文的女配该怎么办？ - 知乎.pdf"
"MAT-0314","如果穿越成为虐文的配该怎么办？ - 知乎 (1).pdf",".pdf","4324459","2026-08-18 14:57:25","待人工归类","待内容核验","D:\整体视频流程重建\资料库\原始资料\知乎付费1090篇合集 - 精选知乎各领域的深度好文\如果穿越成为虐文的配该怎么办？ - 知乎 (1).pdf"
"MAT-0315","如果穿越成为虐文的配该怎么办？ - 知乎.pdf",".pdf","1869738","2026-08-18 14:57:26","待人工归类","待内容核验","D:\整体视频流程重建\资料库\原始资料\知乎付费1090篇合集 - 精选知乎各领域的深度好文\如果穿越成为虐文的配该怎么办？ - 知乎.pdf"
"MAT-0316","如果穿越成为虐文的配该怎么办？ - DGAF 的回答 - 知乎.pdf",".pdf","8259961","2026-08-18 14:57:25","待人工归类","待内容核验","D:\整体视频流程重建\资料库\原始资料\知乎付费1090篇合集 - 精选知乎各领域的深度好文\如果穿越成为虐文的配该怎么办？ - DGAF 的回答 - 知乎.pdf"
"MAT-0317","如果哪吒，孙悟空加入复仇者联盟实力会处于什么水平_ - 知乎.pdf",".pdf","3125054","2026-08-18 14:57:29","待人工归类","待内容核验","D:\整体视频流程重建\资料库\原始资料\知乎付费1090篇合集 - 精选知乎各领域的深度好文\如果哪吒，孙悟空加入复仇者联盟实力会处于什么水平_ - 知乎.pdf"
"MAT-0318","如果你被关进冷宫怎么办？ - 知乎.pdf",".pdf","1511167","2026-08-18 14:57:26","待人工归类","待内容核验","D:\整体视频流程重建\资料库\原始资料\知乎付费1090篇合集 - 精选知乎各领域的深度好文\如果你被关进冷宫怎么办？ - 知乎.pdf"
"MAT-0319","如果你成为霸道总裁文里的恶毒配怎么办？ - 知乎.pdf",".pdf","3000655","2026-08-18 14:57:26","待人工归类","待内容核验","D:\整体视频流程重建\资料库\原始资料\知乎付费1090篇合集 - 精选知乎各领域的深度好文\如果你成为霸道总裁文里的恶毒配怎么办？ - 知乎.pdf"
"MAT-0320","如果你穿成修仙文里的第一美人女配你会怎么样_ - 知乎【精挑细选‖免费提供：cunlovE.cn】.pdf",".pdf","2982925","2026-08-18 14:57:26","待人工归类","待内容核验","D:\整体视频流程重建\资料库\原始资料\知乎付费1090篇合集 - 精选知乎各领域的深度好文\如果你穿成修仙文里的第一美人女配你会怎么样_ - 知乎【精挑细选‖免费提供：cunlovE.cn】.pdf"
"MAT-0321","如果你穿越成为修仙文的炮灰配，该怎么办？ - 茶小七 的回答 - 知乎.pdf",".pdf","8254087","2026-08-18 14:57:27","待人工归类","待内容核验","D:\整体视频流程重建\资料库\原始资料\知乎付费1090篇合集 - 精选知乎各领域的深度好文\如果你穿越成为修仙文的炮灰配，该怎么办？ - 茶小七 的回答 - 知乎.pdf"
"MAT-0322","如果你是虐文里的恶毒二怎么办？ - 知乎 (2).pdf",".pdf","1593479","2026-08-18 14:57:27","待人工归类","待内容核验","D:\整体视频流程重建\资料库\原始资料\知乎付费1090篇合集 - 精选知乎各领域的深度好文\如果你是虐文里的恶毒二怎么办？ - 知乎 (2).pdf"
"MAT-0323","如果你是虐文里的恶毒二怎么办？ - 知乎.pdf",".pdf","785406","2026-08-18 14:57:27","待人工归类","待内容核验","D:\整体视频流程重建\资料库\原始资料\知乎付费1090篇合集 - 精选知乎各领域的深度好文\如果你是虐文里的恶毒二怎么办？ - 知乎.pdf"
"MAT-0324","如果你是虐文里的恶毒女二怎么办？ - 知乎.pdf",".pdf","1593479","2026-08-18 14:57:27","待人工归类","待内容核验","D:\整体视频流程重建\资料库\原始资料\知乎付费1090篇合集 - 精选知乎各领域的深度好文\如果你是虐文里的恶毒女二怎么办？ - 知乎.pdf"
"MAT-0325","如果你是虐文里的女主你会怎么办？ - 知乎.pdf",".pdf","1446468","2026-08-18 14:57:27","待人工归类","待内容核验","D:\整体视频流程重建\资料库\原始资料\知乎付费1090篇合集 - 精选知乎各领域的深度好文\如果你是虐文里的女主你会怎么办？ - 知乎.pdf"
"MAT-0326","如果你是替身文的替身，你会怎么做？ - 知乎 (1).pdf",".pdf","1815569","2026-08-18 14:57:28","待人工归类","待内容核验","D:\整体视频流程重建\资料库\原始资料\知乎付费1090篇合集 - 精选知乎各领域的深度好文\如果你是替身文的替身，你会怎么做？ - 知乎 (1).pdf"
"MAT-0327","如果你是替身文的替身，你会怎么做？ - 知乎.pdf",".pdf","1643296","2026-08-18 14:57:28","待人工归类","待内容核验","D:\整体视频流程重建\资料库\原始资料\知乎付费1090篇合集 - 精选知乎各领域的深度好文\如果你是替身文的替身，你会怎么做？ - 知乎.pdf"
"MAT-0328","如果虐文女主突然醒悟，会有什么故事？ - 知乎.pdf",".pdf","2458712","2026-08-18 14:57:28","故事与案例","待内容核验","D:\整体视频流程重建\资料库\原始资料\知乎付费1090篇合集 - 精选知乎各领域的深度好文\如果虐文女主突然醒悟，会有什么故事？ - 知乎.pdf"
"MAT-0329","如果虐文主突然醒悟，会有什么故事？ - 知乎 (1)【整理不易‖记得关注：CunWorKNotes】.pdf",".pdf","786915","2026-08-18 14:57:28","故事与案例","待内容核验","D:\整体视频流程重建\资料库\原始资料\知乎付费1090篇合集 - 精选知乎各领域的深度好文\如果虐文主突然醒悟，会有什么故事？ - 知乎 (1)【整理不易‖记得关注：CunWorKNotes】.pdf"
"MAT-0330","如果虐文主突然醒悟，会有什么故事？ - 知乎 (2).pdf",".pdf","1092976","2026-08-18 14:57:28","故事与案例","待内容核验","D:\整体视频流程重建\资料库\原始资料\知乎付费1090篇合集 - 精选知乎各领域的深度好文\如果虐文主突然醒悟，会有什么故事？ - 知乎 (2).pdf"
"MAT-0331","如果虐文主突然醒悟，会有什么故事？ - 知乎 (3)【精挑细选‖免费提供：cunlovE.cn】.pdf",".pdf","1086295","2026-08-18 14:57:29","故事与案例","待内容核验","D:\整体视频流程重建\资料库\原始资料\知乎付费1090篇合集 - 精选知乎各领域的深度好文\如果虐文主突然醒悟，会有什么故事？ - 知乎 (3)【精挑细选‖免费提供：cunlovE.cn】.pdf"
"MAT-0332","如果虐文主突然醒悟，会有什么故事？ - 知乎 (4).pdf",".pdf","1451428","2026-08-18 14:57:28","故事与案例","待内容核验","D:\整体视频流程重建\资料库\原始资料\知乎付费1090篇合集 - 精选知乎各领域的深度好文\如果虐文主突然醒悟，会有什么故事？ - 知乎 (4).pdf"
"MAT-0333","如果虐文主突然醒悟，会有什么故事？ - 知乎 (5).pdf",".pdf","1497444","2026-08-18 14:57:29","故事与案例","待内容核验","D:\整体视频流程重建\资料库\原始资料\知乎付费1090篇合集 - 精选知乎各领域的深度好文\如果虐文主突然醒悟，会有什么故事？ - 知乎 (5).pdf"
"MAT-0334","如果虐文主突然醒悟，会有什么故事？ - 知乎.pdf",".pdf","1802425","2026-08-18 14:57:30","故事与案例","待内容核验","D:\整体视频流程重建\资料库\原始资料\知乎付费1090篇合集 - 精选知乎各领域的深度好文\如果虐文主突然醒悟，会有什么故事？ - 知乎.pdf"
"MAT-0335","如果虐文主突然醒悟，会有什么故事？ - 知乎(1).pdf",".pdf","3059276","2026-08-18 14:57:29","故事与案例","待内容核验","D:\整体视频流程重建\资料库\原始资料\知乎付费1090篇合集 - 精选知乎各领域的深度好文\如果虐文主突然醒悟，会有什么故事？ - 知乎(1).pdf"
"MAT-0336","如果虐文主突然醒悟，会有什么故事？ - 知乎(2)【良心整理‖免费获取：cunloVe.cn】.pdf",".pdf","2120488","2026-08-18 14:57:29","故事与案例","待内容核验","D:\整体视频流程重建\资料库\原始资料\知乎付费1090篇合集 - 精选知乎各领域的深度好文\如果虐文主突然醒悟，会有什么故事？ - 知乎(2)【良心整理‖免费获取：cunloVe.cn】.pdf"
"MAT-0337","如果日本在被扔了原子弹以后依然选择不投降，会发生什么？ - 知乎【公重号：CunWorkNotes】.pdf",".pdf","1316809","2026-08-18 14:57:30","待人工归类","待内容核验","D:\整体视频流程重建\资料库\原始资料\知乎付费1090篇合集 - 精选知乎各领域的深度好文\如果日本在被扔了原子弹以后依然选择不投降，会发生什么？ - 知乎【公重号：CunWorkNotes】.pdf"
"MAT-0338","如果唐僧拥有扫地僧的实力会对整个西游有什么影响？ - 知乎.pdf",".pdf","1025906","2026-08-18 14:57:30","故事与案例","待内容核验","D:\整体视频流程重建\资料库\原始资料\知乎付费1090篇合集 - 精选知乎各领域的深度好文\如果唐僧拥有扫地僧的实力会对整个西游有什么影响？ - 知乎.pdf"
"MAT-0339","如果渣和渣在一起会怎样，会发生什么事？ - 知乎.pdf",".pdf","3776782","2026-08-18 14:57:35","待人工归类","待内容核验","D:\整体视频流程重建\资料库\原始资料\知乎付费1090篇合集 - 精选知乎各领域的深度好文\如果渣和渣在一起会怎样，会发生什么事？ - 知乎.pdf"
"MAT-0340","如果渣男和渣女在一起会怎样，会发生什么事？ - 知乎.pdf",".pdf","3315753","2026-08-18 14:57:30","待人工归类","待内容核验","D:\整体视频流程重建\资料库\原始资料\知乎付费1090篇合集 - 精选知乎各领域的深度好文\如果渣男和渣女在一起会怎样，会发生什么事？ - 知乎.pdf"
"MAT-0341","如何构建自己的笔记系统？ - 知乎.pdf",".pdf","3033949","2026-08-18 14:57:31","待人工归类","待内容核验","D:\整体视频流程重建\资料库\原始资料\知乎付费1090篇合集 - 精选知乎各领域的深度好文\如何构建自己的笔记系统？ - 知乎.pdf"
"MAT-0342","如何解读西西弗斯神话的隐喻？ - 知乎【良心整理‖免费获取：cunloVe.cn】.pdf",".pdf","767397","2026-08-18 14:57:30","待人工归类","待内容核验","D:\整体视频流程重建\资料库\原始资料\知乎付费1090篇合集 - 精选知乎各领域的深度好文\如何解读西西弗斯神话的隐喻？ - 知乎【良心整理‖免费获取：cunloVe.cn】.pdf"
"MAT-0343","如何快速制作客户地图.pdf",".pdf","2332479","2026-08-18 14:57:31","待人工归类","待内容核验","D:\整体视频流程重建\资料库\原始资料\知乎付费1090篇合集 - 精选知乎各领域的深度好文\如何快速制作客户地图.pdf"
"MAT-0344","如何培养说话的逻辑性？ - 知乎.pdf",".pdf","427287","2026-08-18 14:57:31","认知与思维","待内容核验","D:\整体视频流程重建\资料库\原始资料\知乎付费1090篇合集 - 精选知乎各领域的深度好文\如何培养说话的逻辑性？ - 知乎.pdf"
"MAT-0345","如何培养自己深度思考的习惯？ - 盐选推荐 的回答 - 知乎【更多精选‖公众号：CunWorknotes】  .pdf",".pdf","1434365","2026-08-18 14:57:31","认知与思维","待内容核验","D:\整体视频流程重建\资料库\原始资料\知乎付费1090篇合集 - 精选知乎各领域的深度好文\如何培养自己深度思考的习惯？ - 盐选推荐 的回答 - 知乎【更多精选‖公众号：CunWorknotes】  .pdf"
"MAT-0346","如何提高提问的能力？ - 知乎.pdf",".pdf","332228","2026-08-18 14:57:31","待人工归类","待内容核验","D:\整体视频流程重建\资料库\原始资料\知乎付费1090篇合集 - 精选知乎各领域的深度好文\如何提高提问的能力？ - 知乎.pdf"
"MAT-0347","如何写一篇“男主把女主当替身，然后发现自己也是替身”的文？ - 知乎(2).pdf",".pdf","2338451","2026-08-18 14:57:32","待人工归类","待内容核验","D:\整体视频流程重建\资料库\原始资料\知乎付费1090篇合集 - 精选知乎各领域的深度好文\如何写一篇“男主把女主当替身，然后发现自己也是替身”的文？ - 知乎(2).pdf"
"MAT-0348","如何写一篇“男主把女主当替身，然后发现自己也是替身”的文？ - 知乎【优质合集‖免费获取：cunlove.cN】.pdf",".pdf","991594","2026-08-18 14:57:32","待人工归类","待内容核验","D:\整体视频流程重建\资料库\原始资料\知乎付费1090篇合集 - 精选知乎各领域的深度好文\如何写一篇“男主把女主当替身，然后发现自己也是替身”的文？ - 知乎【优质合集‖免费获取：cunlove.cN】.pdf"
"MAT-0349","如何写一篇“主把主当替身，然后发现自己也是替身”的文？ - 知乎【耗时整理‖ cunlove.cn】.pdf",".pdf","1351404","2026-08-18 14:57:32","待人工归类","待内容核验","D:\整体视频流程重建\资料库\原始资料\知乎付费1090篇合集 - 精选知乎各领域的深度好文\如何写一篇“主把主当替身，然后发现自己也是替身”的文？ - 知乎【耗时整理‖ cunlove.cn】.pdf"
"MAT-0350","如何以 “姐姐，别这样” 写一篇病娇文？ - 知乎.pdf",".pdf","1934093","2026-08-18 14:57:33","待人工归类","待内容核验","D:\整体视频流程重建\资料库\原始资料\知乎付费1090篇合集 - 精选知乎各领域的深度好文\如何以 “姐姐，别这样” 写一篇病娇文？ - 知乎.pdf"
"MAT-0351","如何以 “姐姐，别这样” 写一篇病娇文？ - 知乎(1)【花费时间‖：cunLove.cn】.pdf",".pdf","3327070","2026-08-18 14:57:32","待人工归类","待内容核验","D:\整体视频流程重建\资料库\原始资料\知乎付费1090篇合集 - 精选知乎各领域的深度好文\如何以 “姐姐，别这样” 写一篇病娇文？ - 知乎(1)【花费时间‖：cunLove.cn】.pdf"
"MAT-0352","如何以“公主从来都不知道，在与她成亲前，驸马就已经喜欢上她了”为开头写一个故事？ - 知乎.pdf",".pdf","3001845","2026-08-18 14:57:33","故事与案例","待内容核验","D:\整体视频流程重建\资料库\原始资料\知乎付费1090篇合集 - 精选知乎各领域的深度好文\如何以“公主从来都不知道，在与她成亲前，驸马就已经喜欢上她了”为开头写一个故事？ - 知乎.pdf"
"MAT-0353","如何以“姐姐，别乱动”写一篇病娇文？ - 知乎.pdf",".pdf","1756498","2026-08-18 14:57:33","待人工归类","待内容核验","D:\整体视频流程重建\资料库\原始资料\知乎付费1090篇合集 - 精选知乎各领域的深度好文\如何以“姐姐，别乱动”写一篇病娇文？ - 知乎.pdf"
"MAT-0354","如何以“上仙，我不入仙途了，我想追你”开头，写一个故事？ - 知乎 (1)【优质合集‖免费获取：cunlove.cN】.pdf",".pdf","6259895","2026-08-18 14:57:34","故事与案例","待内容核验","D:\整体视频流程重建\资料库\原始资料\知乎付费1090篇合集 - 精选知乎各领域的深度好文\如何以“上仙，我不入仙途了，我想追你”开头，写一个故事？ - 知乎 (1)【优质合集‖免费获取：cunlove.cN】.pdf"
"MAT-0355","如何以“上仙，我不入仙途了，我想追你”开头，写一个故事？ - 知乎【花费时间‖：cunLove.cn】.pdf",".pdf","6259895","2026-08-18 14:57:34","故事与案例","待内容核验","D:\整体视频流程重建\资料库\原始资料\知乎付费1090篇合集 - 精选知乎各领域的深度好文\如何以“上仙，我不入仙途了，我想追你”开头，写一个故事？ - 知乎【花费时间‖：cunLove.cn】.pdf"
"MAT-0356","如何以“少爷已经十年没笑过了”开头写一个故事？ - 知乎.pdf",".pdf","1375106","2026-08-18 14:57:35","故事与案例","待内容核验","D:\整体视频流程重建\资料库\原始资料\知乎付费1090篇合集 - 精选知乎各领域的深度好文\如何以“少爷已经十年没笑过了”开头写一个故事？ - 知乎.pdf"
"MAT-0357","如何以“摄政王和阿姊圆房那天，喊的是我的名字”为开头写一篇小说？ - 知乎【精挑细选‖免费提供：cunlovE.cn】.pdf",".pdf","872424","2026-08-18 14:57:35","故事与案例","待内容核验","D:\整体视频流程重建\资料库\原始资料\知乎付费1090篇合集 - 精选知乎各领域的深度好文\如何以“摄政王和阿姊圆房那天，喊的是我的名字”为开头写一篇小说？ - 知乎【精挑细选‖免费提供：cunlovE.cn】.pdf"
"MAT-0358","如何以“嘶，姐姐腰好细”写一篇病娇文？ - 知乎.pdf",".pdf","6763737","2026-08-18 14:57:35","待人工归类","待内容核验","D:\整体视频流程重建\资料库\原始资料\知乎付费1090篇合集 - 精选知乎各领域的深度好文\如何以“嘶，姐姐腰好细”写一篇病娇文？ - 知乎.pdf"
"MAT-0359","如何以“算了，我来嫁。”为开头写一个故事？ - 知乎 (1).pdf",".pdf","984766","2026-08-18 14:57:33","故事与案例","待内容核验","D:\整体视频流程重建\资料库\原始资料\知乎付费1090篇合集 - 精选知乎各领域的深度好文\如何以“算了，我来嫁。”为开头写一个故事？ - 知乎 (1).pdf"
"MAT-0360","如何以“算了，我来嫁。”为开头写一个故事？ - 知乎.pdf",".pdf","2081818","2026-08-18 14:57:34","故事与案例","待内容核验","D:\整体视频流程重建\资料库\原始资料\知乎付费1090篇合集 - 精选知乎各领域的深度好文\如何以“算了，我来嫁。”为开头写一个故事？ - 知乎.pdf"
"MAT-0361","如何以“算了，我来嫁。”为开头写一个故事？ - 知乎(2).pdf",".pdf","2081763","2026-08-18 14:57:34","故事与案例","待内容核验","D:\整体视频流程重建\资料库\原始资料\知乎付费1090篇合集 - 精选知乎各领域的深度好文\如何以“算了，我来嫁。”为开头写一个故事？ - 知乎(2).pdf"
"MAT-0362","如何以“他笑着对我说，皇后不能是你”为开头，写一个故事？ - 知乎【优质合集‖免费获取：cunlove.cN】.pdf",".pdf","1493460","2026-08-18 14:57:36","故事与案例","待内容核验","D:\整体视频流程重建\资料库\原始资料\知乎付费1090篇合集 - 精选知乎各领域的深度好文\如何以“他笑着对我说，皇后不能是你”为开头，写一个故事？ - 知乎【优质合集‖免费获取：cunlove.cN】.pdf"
"MAT-0363","如何以“万般皆是命，半点不由人。”开头写个故事？ - 知乎.pdf",".pdf","790619","2026-08-18 14:57:36","故事与案例","待内容核验","D:\整体视频流程重建\资料库\原始资料\知乎付费1090篇合集 - 精选知乎各领域的深度好文\如何以“万般皆是命，半点不由人。”开头写个故事？ - 知乎.pdf"
"MAT-0364","如何以“我暗恋的男生是个病娇”为开头写一个故事？ - 知乎【优质合集‖免费获取：cunlove.cN】.pdf",".pdf","1082078","2026-08-18 14:57:36","故事与案例","待内容核验","D:\整体视频流程重建\资料库\原始资料\知乎付费1090篇合集 - 精选知乎各领域的深度好文\如何以“我暗恋的男生是个病娇”为开头写一个故事？ - 知乎【优质合集‖免费获取：cunlove.cN】.pdf"
"MAT-0365","如何以“我把病娇睡了”为开头，写一篇小说？ - 知乎【优质合集‖免费获取：cunlove.cN】.pdf",".pdf","2489274","2026-08-18 14:57:36","故事与案例","待内容核验","D:\整体视频流程重建\资料库\原始资料\知乎付费1090篇合集 - 精选知乎各领域的深度好文\如何以“我把病娇睡了”为开头，写一篇小说？ - 知乎【优质合集‖免费获取：cunlove.cN】.pdf"
"MAT-0366","如何以“我被人挂在了表白墙”为开头，写一个故事？ - 知乎.pdf",".pdf","1541893","2026-08-18 14:57:37","故事与案例","待内容核验","D:\整体视频流程重建\资料库\原始资料\知乎付费1090篇合集 - 精选知乎各领域的深度好文\如何以“我被人挂在了表白墙”为开头，写一个故事？ - 知乎.pdf"
"MAT-0367","如何以“我的驸马，是个极温柔的人”为开头写一个故事？ - 知乎.pdf",".pdf","1787937","2026-08-18 14:57:36","故事与案例","待内容核验","D:\整体视频流程重建\资料库\原始资料\知乎付费1090篇合集 - 精选知乎各领域的深度好文\如何以“我的驸马，是个极温柔的人”为开头写一个故事？ - 知乎.pdf"
"MAT-0368","如何以“我嫁给了我不喜欢的公子”为主题写一个故事？ - 知乎.pdf",".pdf","2532899","2026-08-18 14:57:37","故事与案例","待内容核验","D:\整体视频流程重建\资料库\原始资料\知乎付费1090篇合集 - 精选知乎各领域的深度好文\如何以“我嫁给了我不喜欢的公子”为主题写一个故事？ - 知乎.pdf"
"MAT-0369","如何以“我是刚被打入冷宫的贵妃”开头写一篇小说？ - 人间废料 的回答 - 知乎.pdf",".pdf","1575215","2026-08-18 14:57:37","故事与案例","待内容核验","D:\整体视频流程重建\资料库\原始资料\知乎付费1090篇合集 - 精选知乎各领域的深度好文\如何以“我是刚被打入冷宫的贵妃”开头写一篇小说？ - 人间废料 的回答 - 知乎.pdf"
"MAT-0370","如何以“我是刚被打入冷宫的贵妃”开头写一篇小说？ - 知乎.pdf",".pdf","946203","2026-08-18 14:57:37","故事与案例","待内容核验","D:\整体视频流程重建\资料库\原始资料\知乎付费1090篇合集 - 精选知乎各领域的深度好文\如何以“我是刚被打入冷宫的贵妃”开头写一篇小说？ - 知乎.pdf"
"MAT-0371","如何以“我是皇帝，但皇后不爱我”为开头写一个故事？ - 知乎【优质资源‖关注：cunWorkNotes 解锁】.pdf",".pdf","5010322","2026-08-18 14:57:37","故事与案例","待内容核验","D:\整体视频流程重建\资料库\原始资料\知乎付费1090篇合集 - 精选知乎各领域的深度好文\如何以“我是皇帝，但皇后不爱我”为开头写一个故事？ - 知乎【优质资源‖关注：cunWorkNotes 解锁】.pdf"
"MAT-0372","如何以“我是京城第一美人”写一篇故事？ - 知乎.pdf",".pdf","2882464","2026-08-18 14:57:37","故事与案例","待内容核验","D:\整体视频流程重建\资料库\原始资料\知乎付费1090篇合集 - 精选知乎各领域的深度好文\如何以“我是京城第一美人”写一篇故事？ - 知乎.pdf"
"MAT-0373","如何以“我是他结发十年的太子妃，他登基后却只封我为贵妃”开头写一个故事？ - 知乎【花费时间‖免费获取：cunLove.cn】.pdf",".pdf","3532000","2026-08-18 14:57:38","故事与案例","待内容核验","D:\整体视频流程重建\资料库\原始资料\知乎付费1090篇合集 - 精选知乎各领域的深度好文\如何以“我是他结发十年的太子妃，他登基后却只封我为贵妃”开头写一个故事？ - 知乎【花费时间‖免费获取：cunLove.cn】.pdf"
"MAT-0374","如何以“我死了你就能娶她了，你难道不高兴吗？”为开头写个故事_ - 知乎 (1).pdf",".pdf","1618638","2026-08-18 14:57:38","故事与案例","待内容核验","D:\整体视频流程重建\资料库\原始资料\知乎付费1090篇合集 - 精选知乎各领域的深度好文\如何以“我死了你就能娶她了，你难道不高兴吗？”为开头写个故事_ - 知乎 (1).pdf"
"MAT-0375","如何以“我死了你就能娶她了，你难道不高兴吗？”为开头写个故事_ - 知乎.pdf",".pdf","2096493","2026-08-18 14:57:38","故事与案例","待内容核验","D:\整体视频流程重建\资料库\原始资料\知乎付费1090篇合集 - 精选知乎各领域的深度好文\如何以“我死了你就能娶她了，你难道不高兴吗？”为开头写个故事_ - 知乎.pdf"
"MAT-0376","如何以“我死了你就能娶她了，你难道不高兴吗？”为开头写个故事_ - 知乎(1)【耗时整理‖不易且全免费：cunlOve.cn】.pdf",".pdf","929974","2026-08-18 14:57:38","故事与案例","待内容核验","D:\整体视频流程重建\资料库\原始资料\知乎付费1090篇合集 - 精选知乎各领域的深度好文\如何以“我死了你就能娶她了，你难道不高兴吗？”为开头写个故事_ - 知乎(1)【耗时整理‖不易且全免费：cunlOve.cn】.pdf"
"MAT-0377","如何以“早上醒来一睁眼居然发现我师父_师尊正躺在我怀里”为开头写一篇文？ - 知乎.pdf",".pdf","14033836","2026-08-18 14:58:52","待人工归类","待内容核验","D:\整体视频流程重建\资料库\原始资料\知乎付费1090篇合集 - 精选知乎各领域的深度好文\如何以“早上醒来一睁眼居然发现我师父_师尊正躺在我怀里”为开头写一篇文？ - 知乎.pdf"
"MAT-0378","如何以“早知道姐姐喜欢野的，我就不用装那么久了”为开头写一个故事？ - 知乎.pdf",".pdf","757915","2026-08-18 14:57:39","故事与案例","待内容核验","D:\整体视频流程重建\资料库\原始资料\知乎付费1090篇合集 - 精选知乎各领域的深度好文\如何以“早知道姐姐喜欢野的，我就不用装那么久了”为开头写一个故事？ - 知乎.pdf"
"MAT-0379","如何以“长公主权倾朝野”为开头，写一篇故事？ - 知乎.pdf",".pdf","1882131","2026-08-18 14:57:39","故事与案例","待内容核验","D:\整体视频流程重建\资料库\原始资料\知乎付费1090篇合集 - 精选知乎各领域的深度好文\如何以“长公主权倾朝野”为开头，写一篇故事？ - 知乎.pdf"
"MAT-0380","如何以［我是前朝公主，被囚禁_关在这里已经有三个月了］为开头写一个故事？ - 知乎.pdf",".pdf","1475229","2026-08-18 14:57:46","故事与案例","待内容核验","D:\整体视频流程重建\资料库\原始资料\知乎付费1090篇合集 - 精选知乎各领域的深度好文\如何以［我是前朝公主，被囚禁_关在这里已经有三个月了］为开头写一个故事？ - 知乎.pdf"
"MAT-0381","如何以「 我嫁给了一个太监 」为开头写一个故事？ - 十两相思 的回答 - 知乎.pdf",".pdf","3275470","2026-08-18 14:57:39","故事与案例","待内容核验","D:\整体视频流程重建\资料库\原始资料\知乎付费1090篇合集 - 精选知乎各领域的深度好文\如何以「 我嫁给了一个太监 」为开头写一个故事？ - 十两相思 的回答 - 知乎.pdf"
"MAT-0382","如何以「『你若敢喝，本王让你全族陪葬！』他刚说完，我端起毒酒一口饮下」为开头写个故事？ - 知乎.pdf",".pdf","1938287","2026-08-18 14:57:46","故事与案例","待内容核验","D:\整体视频流程重建\资料库\原始资料\知乎付费1090篇合集 - 精选知乎各领域的深度好文\如何以「『你若敢喝，本王让你全族陪葬！』他刚说完，我端起毒酒一口饮下」为开头写个故事？ - 知乎.pdf"
"MAT-0383","如何以「『你若敢喝，本王让你全族陪葬！』他刚说完，我端起毒酒一口饮下」为开头写个故事？ - 知乎(1).pdf",".pdf","1937879","2026-08-18 14:57:46","故事与案例","待内容核验","D:\整体视频流程重建\资料库\原始资料\知乎付费1090篇合集 - 精选知乎各领域的深度好文\如何以「『你若敢喝，本王让你全族陪葬！』他刚说完，我端起毒酒一口饮下」为开头写个故事？ - 知乎(1).pdf"
"MAT-0384","如何以「公主爱上了那个清冷至极的太傅」为开头写一个故事？ - 知乎【花费时间‖免费获取：cunLove.cn】.pdf",".pdf","1412615","2026-08-18 14:57:39","故事与案例","待内容核验","D:\整体视频流程重建\资料库\原始资料\知乎付费1090篇合集 - 精选知乎各领域的深度好文\如何以「公主爱上了那个清冷至极的太傅」为开头写一个故事？ - 知乎【花费时间‖免费获取：cunLove.cn】.pdf"
"MAT-0385","如何以「皇上回来了，怀里抱着一个生死不明的人」为开头写一篇小说？ - 知乎.pdf",".pdf","1539312","2026-08-18 14:57:39","故事与案例","待内容核验","D:\整体视频流程重建\资料库\原始资料\知乎付费1090篇合集 - 精选知乎各领域的深度好文\如何以「皇上回来了，怀里抱着一个生死不明的人」为开头写一篇小说？ - 知乎.pdf"
"MAT-0386","如何以「既然想吃软饭，为什么不来找我？」为开头写一篇故事？ - 知乎.pdf",".pdf","1258909","2026-08-18 14:57:40","故事与案例","待内容核验","D:\整体视频流程重建\资料库\原始资料\知乎付费1090篇合集 - 精选知乎各领域的深度好文\如何以「既然想吃软饭，为什么不来找我？」为开头写一篇故事？ - 知乎.pdf"
"MAT-0387","如何以「将军出征回来了，他还带回一个怀孕的女子」为开头写一个故事？ - 知乎【优质资源‖关注：cunWorkNotes 解锁】.pdf",".pdf","2208461","2026-08-18 14:57:39","故事与案例","待内容核验","D:\整体视频流程重建\资料库\原始资料\知乎付费1090篇合集 - 精选知乎各领域的深度好文\如何以「将军出征回来了，他还带回一个怀孕的女子」为开头写一个故事？ - 知乎【优质资源‖关注：cunWorkNotes 解锁】.pdf"
"MAT-0388","如何以「姐姐，你别不要我」为开头写一个故事？ - 知乎.pdf",".pdf","4212411","2026-08-18 14:57:40","故事与案例","待内容核验","D:\整体视频流程重建\资料库\原始资料\知乎付费1090篇合集 - 精选知乎各领域的深度好文\如何以「姐姐，你别不要我」为开头写一个故事？ - 知乎.pdf"
"MAT-0389","如何以「妈，你是穿越者吧」为开头写一个故事？ - 知乎.pdf",".pdf","2286019","2026-08-18 14:57:40","故事与案例","待内容核验","D:\整体视频流程重建\资料库\原始资料\知乎付费1090篇合集 - 精选知乎各领域的深度好文\如何以「妈，你是穿越者吧」为开头写一个故事？ - 知乎.pdf"
"MAT-0390","如何以「你他娘的就是馋我的身子！」为开头写一个故事？ - 知乎.pdf",".pdf","1452599","2026-08-18 14:57:41","故事与案例","待内容核验","D:\整体视频流程重建\资料库\原始资料\知乎付费1090篇合集 - 精选知乎各领域的深度好文\如何以「你他娘的就是馋我的身子！」为开头写一个故事？ - 知乎.pdf"
"MAT-0391","如何以「娘娘，城破了」为开头写一个故事？ - 知乎【资源精选‖更多关注：CunworkNotes】.pdf",".pdf","1479114","2026-08-18 14:57:41","故事与案例","待内容核验","D:\整体视频流程重建\资料库\原始资料\知乎付费1090篇合集 - 精选知乎各领域的深度好文\如何以「娘娘，城破了」为开头写一个故事？ - 知乎【资源精选‖更多关注：CunworkNotes】.pdf"
"MAT-0392","如何以「娘娘，其实奴才不是真正的太监」为开头，写一个故事？ - 知乎.pdf",".pdf","3187259","2026-08-18 14:57:40","故事与案例","待内容核验","D:\整体视频流程重建\资料库\原始资料\知乎付费1090篇合集 - 精选知乎各领域的深度好文\如何以「娘娘，其实奴才不是真正的太监」为开头，写一个故事？ - 知乎.pdf"
"MAT-0393","如何以「上神剔我仙骨时，血溅了他一身」为开头写一个故事？ - 知乎.pdf",".pdf","2314749","2026-08-18 14:57:42","故事与案例","待内容核验","D:\整体视频流程重建\资料库\原始资料\知乎付费1090篇合集 - 精选知乎各领域的深度好文\如何以「上神剔我仙骨时，血溅了他一身」为开头写一个故事？ - 知乎.pdf"
"MAT-0394","如何以「神仙，也会动情？」为开头写一个故事？ - 知乎【花费时间‖免费获取：cunLove.cn】.pdf",".pdf","2162546","2026-08-18 14:57:41","故事与案例","待内容核验","D:\整体视频流程重建\资料库\原始资料\知乎付费1090篇合集 - 精选知乎各领域的深度好文\如何以「神仙，也会动情？」为开头写一个故事？ - 知乎【花费时间‖免费获取：cunLove.cn】.pdf"
"MAT-0395","如何以「生了一窝狐狸的我踹翻床边憋笑的臭男人」为开头写个甜饼？ - 知乎.pdf",".pdf","1661368","2026-08-18 14:57:41","待人工归类","待内容核验","D:\整体视频流程重建\资料库\原始资料\知乎付费1090篇合集 - 精选知乎各领域的深度好文\如何以「生了一窝狐狸的我踹翻床边憋笑的臭男人」为开头写个甜饼？ - 知乎.pdf"
"MAT-0396","如何以「太子与太子妃十分恩爱，但我是太子的侧妃」写篇文章？ - 知乎.pdf",".pdf","7219537","2026-08-18 14:57:42","待人工归类","待内容核验","D:\整体视频流程重建\资料库\原始资料\知乎付费1090篇合集 - 精选知乎各领域的深度好文\如何以「太子与太子妃十分恩爱，但我是太子的侧妃」写篇文章？ - 知乎.pdf"
"MAT-0397","如何以「我把男主养废了」为开头写一个故事？ - 知乎【资源精选‖更多关注：CunworkNotes】.pdf",".pdf","1356491","2026-08-18 14:57:42","故事与案例","待内容核验","D:\整体视频流程重建\资料库\原始资料\知乎付费1090篇合集 - 精选知乎各领域的深度好文\如何以「我把男主养废了」为开头写一个故事？ - 知乎【资源精选‖更多关注：CunworkNotes】.pdf"
"MAT-0398","如何以「我不想进宫」为开头写一篇文？ - 知乎.pdf",".pdf","2943456","2026-08-18 14:57:42","待人工归类","待内容核验","D:\整体视频流程重建\资料库\原始资料\知乎付费1090篇合集 - 精选知乎各领域的深度好文\如何以「我不想进宫」为开头写一篇文？ - 知乎.pdf"
"MAT-0399","如何以「我迟早要死在你床上」为开头写一个并不_的故事？ - 知乎.pdf",".pdf","1643343","2026-08-18 14:57:42","故事与案例","待内容核验","D:\整体视频流程重建\资料库\原始资料\知乎付费1090篇合集 - 精选知乎各领域的深度好文\如何以「我迟早要死在你床上」为开头写一个并不_的故事？ - 知乎.pdf"
"MAT-0400","如何以「我迟早要死在你床上」为开头写一个并不色情的故事？ - 知乎.pdf",".pdf","1482559","2026-08-18 14:57:42","故事与案例","待内容核验","D:\整体视频流程重建\资料库\原始资料\知乎付费1090篇合集 - 精选知乎各领域的深度好文\如何以「我迟早要死在你床上」为开头写一个并不色情的故事？ - 知乎.pdf"
"MAT-0401","如何以「我嫁给了青梅竹马，但他的心上人不是我」为开头写一个故事？ - 知乎.pdf",".pdf","1255201","2026-08-18 14:57:42","故事与案例","待内容核验","D:\整体视频流程重建\资料库\原始资料\知乎付费1090篇合集 - 精选知乎各领域的深度好文\如何以「我嫁给了青梅竹马，但他的心上人不是我」为开头写一个故事？ - 知乎.pdf"
"MAT-0402","如何以「我嫁给了自己的心上人」为开头写一个故事？ - 知乎.pdf",".pdf","1810609","2026-08-18 14:57:43","故事与案例","待内容核验","D:\整体视频流程重建\资料库\原始资料\知乎付费1090篇合集 - 精选知乎各领域的深度好文\如何以「我嫁给了自己的心上人」为开头写一个故事？ - 知乎.pdf"
"MAT-0403","如何以「我囚禁了天帝近百年」为开头写个故事？ - 知乎.pdf",".pdf","1182838","2026-08-18 14:57:43","故事与案例","待内容核验","D:\整体视频流程重建\资料库\原始资料\知乎付费1090篇合集 - 精选知乎各领域的深度好文\如何以「我囚禁了天帝近百年」为开头写个故事？ - 知乎.pdf"
"MAT-0404","如何以「我是一个侧妃」开头写一个故事？ - 知乎.pdf",".pdf","6917394","2026-08-18 14:57:43","故事与案例","待内容核验","D:\整体视频流程重建\资料库\原始资料\知乎付费1090篇合集 - 精选知乎各领域的深度好文\如何以「我是一个侧妃」开头写一个故事？ - 知乎.pdf"
"MAT-0405","如何以「我喜欢上了地府的黑无常」为开头写一个故事？ - 知乎.pdf",".pdf","2256105","2026-08-18 14:57:44","故事与案例","待内容核验","D:\整体视频流程重建\资料库\原始资料\知乎付费1090篇合集 - 精选知乎各领域的深度好文\如何以「我喜欢上了地府的黑无常」为开头写一个故事？ - 知乎.pdf"
"MAT-0406","如何以「我一次见到他，是在我大婚那天」为开头写一篇小说_ - 知乎.pdf",".pdf","1192549","2026-08-18 14:57:43","故事与案例","待内容核验","D:\整体视频流程重建\资料库\原始资料\知乎付费1090篇合集 - 精选知乎各领域的深度好文\如何以「我一次见到他，是在我大婚那天」为开头写一篇小说_ - 知乎.pdf"
"MAT-0407","如何以「我在冷宫的第三年」开头写一篇小说？ - 知乎.pdf",".pdf","4845640","2026-08-18 14:57:44","故事与案例","待内容核验","D:\整体视频流程重建\资料库\原始资料\知乎付费1090篇合集 - 精选知乎各领域的深度好文\如何以「我在冷宫的第三年」开头写一篇小说？ - 知乎.pdf"
"MAT-0408","如何以「我渣了个上神，此刻正在被追杀」为开头写一篇文？ - 知乎.pdf",".pdf","1788328","2026-08-18 14:57:44","待人工归类","待内容核验","D:\整体视频流程重建\资料库\原始资料\知乎付费1090篇合集 - 精选知乎各领域的深度好文\如何以「我渣了个上神，此刻正在被追杀」为开头写一篇文？ - 知乎.pdf"
"MAT-0409","如何以「仙君从凡间带回了一个女子」为开头写个故事_ - 知乎【公重号：CunWorkNotes】.pdf",".pdf","2539625","2026-08-18 14:57:44","故事与案例","待内容核验","D:\整体视频流程重建\资料库\原始资料\知乎付费1090篇合集 - 精选知乎各领域的深度好文\如何以「仙君从凡间带回了一个女子」为开头写个故事_ - 知乎【公重号：CunWorkNotes】.pdf"
"MAT-0410","如何以「仙君从凡间带回了一个子」为开头写个故事_ - 知乎.pdf",".pdf","2539625","2026-08-18 14:57:45","故事与案例","待内容核验","D:\整体视频流程重建\资料库\原始资料\知乎付费1090篇合集 - 精选知乎各领域的深度好文\如何以「仙君从凡间带回了一个子」为开头写个故事_ - 知乎.pdf"
"MAT-0411","如何以「一觉醒来成了个太子妃」为开头写一个故事？ - 知乎.pdf",".pdf","2351604","2026-08-18 14:57:45","故事与案例","待内容核验","D:\整体视频流程重建\资料库\原始资料\知乎付费1090篇合集 - 精选知乎各领域的深度好文\如何以「一觉醒来成了个太子妃」为开头写一个故事？ - 知乎.pdf"
"MAT-0412","如何以「原来我只是仙界众仙君的白月光替身」为开头写一个故事？ - 知乎.pdf",".pdf","7551617","2026-08-18 14:57:45","故事与案例","待内容核验","D:\整体视频流程重建\资料库\原始资料\知乎付费1090篇合集 - 精选知乎各领域的深度好文\如何以「原来我只是仙界众仙君的白月光替身」为开头写一个故事？ - 知乎.pdf"
"MAT-0413","如何以「怎么？这就哭了？」为开头写一篇小说_ - 知乎.pdf",".pdf","1091144","2026-08-18 14:57:45","故事与案例","待内容核验","D:\整体视频流程重建\资料库\原始资料\知乎付费1090篇合集 - 精选知乎各领域的深度好文\如何以「怎么？这就哭了？」为开头写一篇小说_ - 知乎.pdf"
"MAT-0414","如何以「这是我死去的第十年」为开头，写一个故事？ - 知乎.pdf",".pdf","11319873","2026-08-18 14:58:53","故事与案例","待内容核验","D:\整体视频流程重建\资料库\原始资料\知乎付费1090篇合集 - 精选知乎各领域的深度好文\如何以「这是我死去的第十年」为开头，写一个故事？ - 知乎.pdf"
"MAT-0415","如何以「睁开眼，发现自己被一个古装帅哥抱在怀里」为开头写一个故事？ - 知乎.pdf",".pdf","4415749","2026-08-18 14:57:45","故事与案例","待内容核验","D:\整体视频流程重建\资料库\原始资料\知乎付费1090篇合集 - 精选知乎各领域的深度好文\如何以「睁开眼，发现自己被一个古装帅哥抱在怀里」为开头写一个故事？ - 知乎.pdf"
"MAT-0416","如何以我是太子妃但太子不爱我，写一个故事？ - 知乎.pdf",".pdf","946214","2026-08-18 14:57:33","故事与案例","待内容核验","D:\整体视频流程重建\资料库\原始资料\知乎付费1090篇合集 - 精选知乎各领域的深度好文\如何以我是太子妃但太子不爱我，写一个故事？ - 知乎.pdf"
"MAT-0417","如何与生愉快地聊天？ - 知乎【整理不易‖记得关注：CunWorKNotes】.pdf",".pdf","278377","2026-08-18 14:57:33","待人工归类","待内容核验","D:\整体视频流程重建\资料库\原始资料\知乎付费1090篇合集 - 精选知乎各领域的深度好文\如何与生愉快地聊天？ - 知乎【整理不易‖记得关注：CunWorKNotes】.pdf"
"MAT-0418","如何在公务员面试中逆袭？ - 知乎.pdf",".pdf","1369456","2026-08-18 14:57:46","职场与表达","待内容核验","D:\整体视频流程重建\资料库\原始资料\知乎付费1090篇合集 - 精选知乎各领域的深度好文\如何在公务员面试中逆袭？ - 知乎.pdf"
"MAT-0419","如何正确地和女生聊天？ - 知乎.pdf",".pdf","728056","2026-08-18 14:57:46","待人工归类","待内容核验","D:\整体视频流程重建\资料库\原始资料\知乎付费1090篇合集 - 精选知乎各领域的深度好文\如何正确地和女生聊天？ - 知乎.pdf"
"MAT-0420","三观不正的人到底有多恶心，多可怕？ - 知乎.pdf",".pdf","2468581","2026-08-18 14:57:48","待人工归类","待内容核验","D:\整体视频流程重建\资料库\原始资料\知乎付费1090篇合集 - 精选知乎各领域的深度好文\三观不正的人到底有多恶心，多可怕？ - 知乎.pdf"
"MAT-0421","三尸语 【优质资源‖关注：cunWorkNotes 解锁】.pdf",".pdf","1400203","2026-08-18 14:57:50","待人工归类","待内容核验","D:\整体视频流程重建\资料库\原始资料\知乎付费1090篇合集 - 精选知乎各领域的深度好文\三尸语 【优质资源‖关注：cunWorkNotes 解锁】.pdf"
"MAT-0422","什么时候意识到应该分手了？ - 知乎.pdf",".pdf","1080783","2026-08-18 14:57:49","待人工归类","待内容核验","D:\整体视频流程重建\资料库\原始资料\知乎付费1090篇合集 - 精选知乎各领域的深度好文\什么时候意识到应该分手了？ - 知乎.pdf"
"MAT-0423","什么是视频脚本？如何写一个视频脚本？ - 盐选长计划 的回答 - 知乎【优质资源‖关注：cunWorkNotes 解锁】.pdf",".pdf","1197763","2026-08-18 14:57:49","待人工归类","待内容核验","D:\整体视频流程重建\资料库\原始资料\知乎付费1090篇合集 - 精选知乎各领域的深度好文\什么是视频脚本？如何写一个视频脚本？ - 盐选长计划 的回答 - 知乎【优质资源‖关注：cunWorkNotes 解锁】.pdf"
"MAT-0424","什么是遗憾_ - 知乎.pdf",".pdf","913411","2026-08-18 14:57:48","待人工归类","待内容核验","D:\整体视频流程重建\资料库\原始资料\知乎付费1090篇合集 - 精选知乎各领域的深度好文\什么是遗憾_ - 知乎.pdf"
"MAT-0425","什么样的读书方法才能快速榨干一本书的所有知识，避免低效阅读呢？ - 知乎【更多精选‖公众号：CunWorknotes】  .pdf",".pdf","1346248","2026-08-18 14:57:49","认知与思维","待内容核验","D:\整体视频流程重建\资料库\原始资料\知乎付费1090篇合集 - 精选知乎各领域的深度好文\什么样的读书方法才能快速榨干一本书的所有知识，避免低效阅读呢？ - 知乎【更多精选‖公众号：CunWorknotes】  .pdf"
"MAT-0426","什么样的女人才是聪明女人？ - 知乎.pdf",".pdf","1768811","2026-08-18 14:57:49","认知与思维","待内容核验","D:\整体视频流程重建\资料库\原始资料\知乎付费1090篇合集 - 精选知乎各领域的深度好文\什么样的女人才是聪明女人？ - 知乎.pdf"
"MAT-0427","什么样的女人才是聪明女人？ - 知乎(1).pdf",".pdf","2019226","2026-08-18 14:57:49","认知与思维","待内容核验","D:\整体视频流程重建\资料库\原始资料\知乎付费1090篇合集 - 精选知乎各领域的深度好文\什么样的女人才是聪明女人？ - 知乎(1).pdf"
"MAT-0428","什么样的人才是聪明人？ - 知乎 (1).pdf",".pdf","1115850","2026-08-18 14:57:49","认知与思维","待内容核验","D:\整体视频流程重建\资料库\原始资料\知乎付费1090篇合集 - 精选知乎各领域的深度好文\什么样的人才是聪明人？ - 知乎 (1).pdf"
"MAT-0429","什么样的人才是聪明人？ - 知乎 (3)【整理不易‖免费奉上：cuNlove.cn】.pdf",".pdf","1768808","2026-08-18 14:57:49","认知与思维","待内容核验","D:\整体视频流程重建\资料库\原始资料\知乎付费1090篇合集 - 精选知乎各领域的深度好文\什么样的人才是聪明人？ - 知乎 (3)【整理不易‖免费奉上：cuNlove.cn】.pdf"
"MAT-0430","什么样的人才是聪明人？ - 知乎.pdf",".pdf","1572169","2026-08-18 14:57:49","认知与思维","待内容核验","D:\整体视频流程重建\资料库\原始资料\知乎付费1090篇合集 - 精选知乎各领域的深度好文\什么样的人才是聪明人？ - 知乎.pdf"
"MAT-0431","什么样的人可以搞定病娇呢？ - 知乎.pdf",".pdf","856363","2026-08-18 14:57:49","待人工归类","待内容核验","D:\整体视频流程重建\资料库\原始资料\知乎付费1090篇合集 - 精选知乎各领域的深度好文\什么样的人可以搞定病娇呢？ - 知乎.pdf"
"MAT-0432","什么样的人学习效果最差？ - 知乎.pdf",".pdf","754243","2026-08-18 14:57:49","认知与思维","待内容核验","D:\整体视频流程重建\资料库\原始资料\知乎付费1090篇合集 - 精选知乎各领域的深度好文\什么样的人学习效果最差？ - 知乎.pdf"
"MAT-0433","生的套路到底有多深？ - 知乎【优质资源‖关注：cunWorkNotes 解锁】.pdf",".pdf","1457378","2026-08-18 14:57:47","待人工归类","待内容核验","D:\整体视频流程重建\资料库\原始资料\知乎付费1090篇合集 - 精选知乎各领域的深度好文\生的套路到底有多深？ - 知乎【优质资源‖关注：cunWorkNotes 解锁】.pdf"
"MAT-0434","生和生有纯友谊吗？ - 知乎.pdf",".pdf","815364","2026-08-18 14:57:48","待人工归类","待内容核验","D:\整体视频流程重建\资料库\原始资料\知乎付费1090篇合集 - 精选知乎各领域的深度好文\生和生有纯友谊吗？ - 知乎.pdf"
"MAT-0435","生和生长期打王者会产生感觉吗？ - 知乎.pdf",".pdf","6551893","2026-08-18 14:57:48","待人工归类","待内容核验","D:\整体视频流程重建\资料库\原始资料\知乎付费1090篇合集 - 精选知乎各领域的深度好文\生和生长期打王者会产生感觉吗？ - 知乎.pdf"
"MAT-0436","生活中有没有特别绿茶的女生？ - 知乎.pdf",".pdf","953026","2026-08-18 14:57:48","待人工归类","待内容核验","D:\整体视频流程重建\资料库\原始资料\知乎付费1090篇合集 - 精选知乎各领域的深度好文\生活中有没有特别绿茶的女生？ - 知乎.pdf"
"MAT-0437","生或生可以不自爱到什么程度？ - 脸叔 的回答 - 知乎.pdf",".pdf","1647121","2026-08-18 14:57:48","待人工归类","待内容核验","D:\整体视频流程重建\资料库\原始资料\知乎付费1090篇合集 - 精选知乎各领域的深度好文\生或生可以不自爱到什么程度？ - 脸叔 的回答 - 知乎.pdf"
"MAT-0438","生或生可以不自爱到什么程度？ - 知乎 (2)【精挑细选‖免费提供：cunlovE.cn】.pdf",".pdf","1607597","2026-08-18 14:57:48","待人工归类","待内容核验","D:\整体视频流程重建\资料库\原始资料\知乎付费1090篇合集 - 精选知乎各领域的深度好文\生或生可以不自爱到什么程度？ - 知乎 (2)【精挑细选‖免费提供：cunlovE.cn】.pdf"
"MAT-0439","生或生可以不自爱到什么程度？ - 知乎.pdf",".pdf","1819528","2026-08-18 14:57:48","待人工归类","待内容核验","D:\整体视频流程重建\资料库\原始资料\知乎付费1090篇合集 - 精选知乎各领域的深度好文\生或生可以不自爱到什么程度？ - 知乎.pdf"
"MAT-0440","生如果主动点，生真的容易心动吗？ - 知乎 (2)【精挑细选‖免费提供：cunlovE.cn】.pdf",".pdf","4577746","2026-08-18 14:57:50","待人工归类","待内容核验","D:\整体视频流程重建\资料库\原始资料\知乎付费1090篇合集 - 精选知乎各领域的深度好文\生如果主动点，生真的容易心动吗？ - 知乎 (2)【精挑细选‖免费提供：cunlovE.cn】.pdf"
"MAT-0441","生如果主动点，生真的容易心动吗？ - 知乎.pdf",".pdf","4080885","2026-08-18 14:57:50","待人工归类","待内容核验","D:\整体视频流程重建\资料库\原始资料\知乎付费1090篇合集 - 精选知乎各领域的深度好文\生如果主动点，生真的容易心动吗？ - 知乎.pdf"
"MAT-0442","生谈恋爱现实点好不好？ - 知乎【精挑细选‖免费提供：cunlovE.cn】.pdf",".pdf","881287","2026-08-18 14:57:51","待人工归类","待内容核验","D:\整体视频流程重建\资料库\原始资料\知乎付费1090篇合集 - 精选知乎各领域的深度好文\生谈恋爱现实点好不好？ - 知乎【精挑细选‖免费提供：cunlovE.cn】.pdf"
"MAT-0443","生眼里的白月光是一个怎么样的存在？ - 故事档案局 的回答 - 知乎【更多精选‖公众号：CunWorknotes】  .pdf",".pdf","2186895","2026-08-18 14:57:53","故事与案例","待内容核验","D:\整体视频流程重建\资料库\原始资料\知乎付费1090篇合集 - 精选知乎各领域的深度好文\生眼里的白月光是一个怎么样的存在？ - 故事档案局 的回答 - 知乎【更多精选‖公众号：CunWorknotes】  .pdf"
"MAT-0444","生眼里的白月光是一个怎么样的存在？ - 知乎 (1)【优质资源‖关注：cunWorkNotes 解锁】.pdf",".pdf","1516120","2026-08-18 14:57:52","待人工归类","待内容核验","D:\整体视频流程重建\资料库\原始资料\知乎付费1090篇合集 - 精选知乎各领域的深度好文\生眼里的白月光是一个怎么样的存在？ - 知乎 (1)【优质资源‖关注：cunWorkNotes 解锁】.pdf"
"MAT-0445","生眼里的白月光是一个怎么样的存在？ - 知乎.pdf",".pdf","732403","2026-08-18 14:57:52","待人工归类","待内容核验","D:\整体视频流程重建\资料库\原始资料\知乎付费1090篇合集 - 精选知乎各领域的深度好文\生眼里的白月光是一个怎么样的存在？ - 知乎.pdf"
"MAT-0446","生有过哪些很渣的想法？ - 知乎.pdf",".pdf","1087145","2026-08-18 14:57:52","待人工归类","待内容核验","D:\整体视频流程重建\资料库\原始资料\知乎付费1090篇合集 - 精选知乎各领域的深度好文\生有过哪些很渣的想法？ - 知乎.pdf"
"MAT-0447","生真的不懂什么是绿茶吗？ - 知乎 (1)【更多精选‖公众号：CunWorknotes】  .pdf",".pdf","1742172","2026-08-18 14:57:53","待人工归类","待内容核验","D:\整体视频流程重建\资料库\原始资料\知乎付费1090篇合集 - 精选知乎各领域的深度好文\生真的不懂什么是绿茶吗？ - 知乎 (1)【更多精选‖公众号：CunWorknotes】  .pdf"
"MAT-0448","生真的不懂什么是绿茶吗？ - 知乎【更多精选‖公众号：CunWorknotes】  .pdf",".pdf","2421284","2026-08-18 14:57:55","待人工归类","待内容核验","D:\整体视频流程重建\资料库\原始资料\知乎付费1090篇合集 - 精选知乎各领域的深度好文\生真的不懂什么是绿茶吗？ - 知乎【更多精选‖公众号：CunWorknotes】  .pdf"
"MAT-0449","生真的觉得跟谁结婚都一样吗？为什么？ - 知乎.pdf",".pdf","758184","2026-08-18 14:57:52","待人工归类","待内容核验","D:\整体视频流程重建\资料库\原始资料\知乎付费1090篇合集 - 精选知乎各领域的深度好文\生真的觉得跟谁结婚都一样吗？为什么？ - 知乎.pdf"
"MAT-0450","生真的可以爱一个生很久很久吗？ - 知乎【手动整理‖：cunlove.Cn】.pdf",".pdf","1277917","2026-08-18 14:57:54","待人工归类","待内容核验","D:\整体视频流程重建\资料库\原始资料\知乎付费1090篇合集 - 精选知乎各领域的深度好文\生真的可以爱一个生很久很久吗？ - 知乎【手动整理‖：cunlove.Cn】.pdf"
"MAT-0451","世界上什么最恶心？ - 知乎【优质资源‖关注：cunWorkNotes 解锁】.pdf",".pdf","1034169","2026-08-18 14:57:48","待人工归类","待内容核验","D:\整体视频流程重建\资料库\原始资料\知乎付费1090篇合集 - 精选知乎各领域的深度好文\世界上什么最恶心？ - 知乎【优质资源‖关注：cunWorkNotes 解锁】.pdf"
"MAT-0452","世界史上有没有很牛的名人被更牛的人物「按在地上摩擦」的事迹？ - 知乎【花费时间‖：cunLove.cn】.pdf",".pdf","5029246","2026-08-18 14:57:48","故事与案例","待内容核验","D:\整体视频流程重建\资料库\原始资料\知乎付费1090篇合集 - 精选知乎各领域的深度好文\世界史上有没有很牛的名人被更牛的人物「按在地上摩擦」的事迹？ - 知乎【花费时间‖：cunLove.cn】.pdf"
"MAT-0453","室友可以坏到什么程度？ - 知乎.pdf",".pdf","1457179","2026-08-18 14:57:51","待人工归类","待内容核验","D:\整体视频流程重建\资料库\原始资料\知乎付费1090篇合集 - 精选知乎各领域的深度好文\室友可以坏到什么程度？ - 知乎.pdf"
"MAT-0454","室友哪些不该看的东西被你无意之间看到了？ - 知乎.pdf",".pdf","1627316","2026-08-18 14:57:52","待人工归类","待内容核验","D:\整体视频流程重建\资料库\原始资料\知乎付费1090篇合集 - 精选知乎各领域的深度好文\室友哪些不该看的东西被你无意之间看到了？ - 知乎.pdf"
"MAT-0455","室友有哪些恶心的行为？ - 知乎.pdf",".pdf","663498","2026-08-18 14:57:51","认知与思维","待内容核验","D:\整体视频流程重建\资料库\原始资料\知乎付费1090篇合集 - 精选知乎各领域的深度好文\室友有哪些恶心的行为？ - 知乎.pdf"
"MAT-0456","是电压产生电流，还是电流产生电压？ - 知乎.pdf",".pdf","6024261","2026-08-18 14:57:47","待人工归类","待内容核验","D:\整体视频流程重建\资料库\原始资料\知乎付费1090篇合集 - 精选知乎各领域的深度好文\是电压产生电流，还是电流产生电压？ - 知乎.pdf"
"MAT-0457","双缝干涉实验恐怖吗？恐怖在哪？ - 知乎.pdf",".pdf","3845882","2026-08-18 14:57:48","待人工归类","待内容核验","D:\整体视频流程重建\资料库\原始资料\知乎付费1090篇合集 - 精选知乎各领域的深度好文\双缝干涉实验恐怖吗？恐怖在哪？ - 知乎.pdf"
"MAT-0458","双向暗恋有多甜？ - 知乎.pdf",".pdf","1769447","2026-08-18 14:57:51","待人工归类","待内容核验","D:\整体视频流程重建\资料库\原始资料\知乎付费1090篇合集 - 精选知乎各领域的深度好文\双向暗恋有多甜？ - 知乎.pdf"
"MAT-0459","思想品德课教学回归生活的实践研究课题中期报告.pdf",".pdf","26438","2026-08-18 14:57:51","待人工归类","待内容核验","D:\整体视频流程重建\资料库\原始资料\知乎付费1090篇合集 - 精选知乎各领域的深度好文\思想品德课教学回归生活的实践研究课题中期报告.pdf"
"MAT-0460","太监是怎么排尿的？ - 知乎.pdf",".pdf","3062012","2026-08-18 14:57:53","待人工归类","待内容核验","D:\整体视频流程重建\资料库\原始资料\知乎付费1090篇合集 - 精选知乎各领域的深度好文\太监是怎么排尿的？ - 知乎.pdf"
"MAT-0461","体制内，一定要去争更高的位置吗？到底有什么意义？ - 知乎.pdf",".pdf","1491264","2026-08-18 14:57:53","待人工归类","待内容核验","D:\整体视频流程重建\资料库\原始资料\知乎付费1090篇合集 - 精选知乎各领域的深度好文\体制内，一定要去争更高的位置吗？到底有什么意义？ - 知乎.pdf"
"MAT-0462","替罪的小羔羊【不易整理‖请关注：CunWorkNoteS】.pdf",".pdf","669877","2026-08-18 14:57:53","待人工归类","待内容核验","D:\整体视频流程重建\资料库\原始资料\知乎付费1090篇合集 - 精选知乎各领域的深度好文\替罪的小羔羊【不易整理‖请关注：CunWorkNoteS】.pdf"
"MAT-0463","土豪可以有多任性？ - 知乎.pdf",".pdf","1491739","2026-08-18 14:57:53","待人工归类","待内容核验","D:\整体视频流程重建\资料库\原始资料\知乎付费1090篇合集 - 精选知乎各领域的深度好文\土豪可以有多任性？ - 知乎.pdf"
"MAT-0464","万历抗倭期间，为什么日本可以动员出比明朝更多的军力？ - 知乎.pdf",".pdf","1241256","2026-08-18 14:57:55","待人工归类","待内容核验","D:\整体视频流程重建\资料库\原始资料\知乎付费1090篇合集 - 精选知乎各领域的深度好文\万历抗倭期间，为什么日本可以动员出比明朝更多的军力？ - 知乎.pdf"
"MAT-0465","为1.pdf",".pdf","1992338","2026-08-18 14:57:54","待人工归类","待内容核验","D:\整体视频流程重建\资料库\原始资料\知乎付费1090篇合集 - 精选知乎各领域的深度好文\为1.pdf"
"MAT-0466","为什么工作越努力，工作量反而越大，领导都喜欢喊你做事情，升职加薪却轮不到自己？ - 知乎【资源精选‖更多关注：CunworkNotes】.pdf",".pdf","230093","2026-08-18 14:57:55","职场与表达","待内容核验","D:\整体视频流程重建\资料库\原始资料\知乎付费1090篇合集 - 精选知乎各领域的深度好文\为什么工作越努力，工作量反而越大，领导都喜欢喊你做事情，升职加薪却轮不到自己？ - 知乎【资源精选‖更多关注：CunworkNotes】.pdf"
"MAT-0467","为什么后宫中嫔妃们一定要争宠？ - 知乎.pdf",".pdf","3881938","2026-08-18 14:57:55","待人工归类","待内容核验","D:\整体视频流程重建\资料库\原始资料\知乎付费1090篇合集 - 精选知乎各领域的深度好文\为什么后宫中嫔妃们一定要争宠？ - 知乎.pdf"
"MAT-0468","为什么刘备那么幸运，结拜了两个都是「万人敌」的兄弟？ - 知乎.pdf",".pdf","1171700","2026-08-18 14:57:56","待人工归类","待内容核验","D:\整体视频流程重建\资料库\原始资料\知乎付费1090篇合集 - 精选知乎各领域的深度好文\为什么刘备那么幸运，结拜了两个都是「万人敌」的兄弟？ - 知乎.pdf"
"MAT-0469","为什么那么多西方人害怕小丑？ - 知乎【耗时整理‖不易且全免费：cunlOve.cn】.pdf",".pdf","11136134","2026-08-18 14:58:57","待人工归类","待内容核验","D:\整体视频流程重建\资料库\原始资料\知乎付费1090篇合集 - 精选知乎各领域的深度好文\为什么那么多西方人害怕小丑？ - 知乎【耗时整理‖不易且全免费：cunlOve.cn】.pdf"
"MAT-0470","为什么说女性非常理性是很「可怕」的？ - 知乎【花费时间‖：cunLove.cn】.pdf",".pdf","1382041","2026-08-18 14:57:56","待人工归类","待内容核验","D:\整体视频流程重建\资料库\原始资料\知乎付费1090篇合集 - 精选知乎各领域的深度好文\为什么说女性非常理性是很「可怕」的？ - 知乎【花费时间‖：cunLove.cn】.pdf"
"MAT-0471","为什么说永远也不要考验人性？ - 知乎【公重号：CunWorkNotes】.pdf",".pdf","469322","2026-08-18 14:57:56","待人工归类","待内容核验","D:\整体视频流程重建\资料库\原始资料\知乎付费1090篇合集 - 精选知乎各领域的深度好文\为什么说永远也不要考验人性？ - 知乎【公重号：CunWorkNotes】.pdf"
"MAT-0472","为什么土豪富二代不会娶网红只是跟她们玩玩_ - 知乎 (1)【良心整理‖免费获取：cunloVe.cn】.pdf",".pdf","705760","2026-08-18 14:57:56","待人工归类","待内容核验","D:\整体视频流程重建\资料库\原始资料\知乎付费1090篇合集 - 精选知乎各领域的深度好文\为什么土豪富二代不会娶网红只是跟她们玩玩_ - 知乎 (1)【良心整理‖免费获取：cunloVe.cn】.pdf"
"MAT-0473","为什么土豪富二代不会娶网红只是跟她们玩玩_ - 知乎.pdf",".pdf","771099","2026-08-18 14:57:56","待人工归类","待内容核验","D:\整体视频流程重建\资料库\原始资料\知乎付费1090篇合集 - 精选知乎各领域的深度好文\为什么土豪富二代不会娶网红只是跟她们玩玩_ - 知乎.pdf"
"MAT-0474","为什么现在越来越多的人不爱发朋友圈了？ - 知乎【优质合集‖免费获取：cunlove.cN】.pdf",".pdf","854928","2026-08-18 14:57:57","待人工归类","待内容核验","D:\整体视频流程重建\资料库\原始资料\知乎付费1090篇合集 - 精选知乎各领域的深度好文\为什么现在越来越多的人不爱发朋友圈了？ - 知乎【优质合集‖免费获取：cunlove.cN】.pdf"
"MAT-0475","为什么有的人从不读书但其远见、思维方式、做事方法却那么卓越？ - 知乎.pdf",".pdf","878533","2026-08-18 14:57:57","认知与思维","待内容核验","D:\整体视频流程重建\资料库\原始资料\知乎付费1090篇合集 - 精选知乎各领域的深度好文\为什么有的人从不读书但其远见、思维方式、做事方法却那么卓越？ - 知乎.pdf"
"MAT-0476","为什么有些情侣谈着就感情越来越淡有些却越来越深？ - 知乎.pdf",".pdf","675346","2026-08-18 14:57:57","待人工归类","待内容核验","D:\整体视频流程重建\资料库\原始资料\知乎付费1090篇合集 - 精选知乎各领域的深度好文\为什么有些情侣谈着就感情越来越淡有些却越来越深？ - 知乎.pdf"
"MAT-0477","为什么在一起很久的人会莫名其妙狠心分手_ - 知乎 (1).pdf",".pdf","1286636","2026-08-18 14:57:57","待人工归类","待内容核验","D:\整体视频流程重建\资料库\原始资料\知乎付费1090篇合集 - 精选知乎各领域的深度好文\为什么在一起很久的人会莫名其妙狠心分手_ - 知乎 (1).pdf"
"MAT-0478","为什么在一起很久的人会莫名其妙狠心分手_ - 知乎【良心整理‖免费获取：cunloVe.cn】.pdf",".pdf","1151353","2026-08-18 14:57:57","待人工归类","待内容核验","D:\整体视频流程重建\资料库\原始资料\知乎付费1090篇合集 - 精选知乎各领域的深度好文\为什么在一起很久的人会莫名其妙狠心分手_ - 知乎【良心整理‖免费获取：cunloVe.cn】.pdf"
"MAT-0479","我是一个电商小白 ，我每天都看生意参谋，但是里面有那么多数据，我都不知道主要是看些？ - 知乎.pdf",".pdf","446400","2026-08-18 14:57:58","待人工归类","待内容核验","D:\整体视频流程重建\资料库\原始资料\知乎付费1090篇合集 - 精选知乎各领域的深度好文\我是一个电商小白 ，我每天都看生意参谋，但是里面有那么多数据，我都不知道主要是看些？ - 知乎.pdf"
"MAT-0480","我为什么会选择并一直使用 Apple Music？【花费时间‖：cunLove.cn】.pdf",".pdf","558589","2026-08-18 14:57:58","待人工归类","待内容核验","D:\整体视频流程重建\资料库\原始资料\知乎付费1090篇合集 - 精选知乎各领域的深度好文\我为什么会选择并一直使用 Apple Music？【花费时间‖：cunLove.cn】.pdf"
"MAT-0481","呜呜呜求那种受被囚禁的小说真的好喜欢这种？ - 故事档案局 的回答 - 知乎.pdf",".pdf","4779658","2026-08-18 14:57:59","故事与案例","待内容核验","D:\整体视频流程重建\资料库\原始资料\知乎付费1090篇合集 - 精选知乎各领域的深度好文\呜呜呜求那种受被囚禁的小说真的好喜欢这种？ - 故事档案局 的回答 - 知乎.pdf"
"MAT-0482","无领导小组讨论的题目有哪些？ - 知乎.pdf",".pdf","425852","2026-08-18 14:57:54","职场与表达","待内容核验","D:\整体视频流程重建\资料库\原始资料\知乎付费1090篇合集 - 精选知乎各领域的深度好文\无领导小组讨论的题目有哪些？ - 知乎.pdf"
"MAT-0483","五.pdf",".pdf","1371838","2026-08-18 14:56:32","待人工归类","待内容核验","D:\整体视频流程重建\资料库\原始资料\知乎付费1090篇合集 - 精选知乎各领域的深度好文\五.pdf"
"MAT-0484","五大常任理事国都有过什么作？ - 知乎.pdf",".pdf","875218","2026-08-18 14:57:54","待人工归类","待内容核验","D:\整体视频流程重建\资料库\原始资料\知乎付费1090篇合集 - 精选知乎各领域的深度好文\五大常任理事国都有过什么作？ - 知乎.pdf"
"MAT-0485","校园欺凌能到什么程度？ - 知乎 (1).pdf",".pdf","694345","2026-08-18 14:57:58","待人工归类","待内容核验","D:\整体视频流程重建\资料库\原始资料\知乎付费1090篇合集 - 精选知乎各领域的深度好文\校园欺凌能到什么程度？ - 知乎 (1).pdf"
"MAT-0486","校园欺凌能到什么程度？ - 知乎.pdf",".pdf","1039615","2026-08-18 14:57:58","待人工归类","待内容核验","D:\整体视频流程重建\资料库\原始资料\知乎付费1090篇合集 - 精选知乎各领域的深度好文\校园欺凌能到什么程度？ - 知乎.pdf"
"MAT-0487","一个被诬陷的人怎么才能证明自己的清白？ - 知乎.pdf",".pdf","493309","2026-08-18 14:57:58","待人工归类","待内容核验","D:\整体视频流程重建\资料库\原始资料\知乎付费1090篇合集 - 精选知乎各领域的深度好文\一个被诬陷的人怎么才能证明自己的清白？ - 知乎.pdf"
"MAT-0488","异性间有没有纯友谊？ - Seasee Youl 的回答 - 知乎.pdf",".pdf","2026984","2026-08-18 14:58:30","待人工归类","待内容核验","D:\整体视频流程重建\资料库\原始资料\知乎付费1090篇合集 - 精选知乎各领域的深度好文\异性间有没有纯友谊？ - Seasee Youl 的回答 - 知乎.pdf"
"MAT-0489","有个漂亮女朋友是种怎样的体验？ - 知乎.pdf",".pdf","1510594","2026-08-18 14:57:59","待人工归类","待内容核验","D:\整体视频流程重建\资料库\原始资料\知乎付费1090篇合集 - 精选知乎各领域的深度好文\有个漂亮女朋友是种怎样的体验？ - 知乎.pdf"
"MAT-0490","有个青梅竹马是个怎样的体验_ - 知乎.pdf",".pdf","1097299","2026-08-18 14:57:59","待人工归类","待内容核验","D:\整体视频流程重建\资料库\原始资料\知乎付费1090篇合集 - 精选知乎各领域的深度好文\有个青梅竹马是个怎样的体验_ - 知乎.pdf"
"MAT-0491","有很甜的恋爱故事吗？ - 红尘 的回答 - 知乎.pdf",".pdf","3148376","2026-08-18 14:57:59","故事与案例","待内容核验","D:\整体视频流程重建\资料库\原始资料\知乎付费1090篇合集 - 精选知乎各领域的深度好文\有很甜的恋爱故事吗？ - 红尘 的回答 - 知乎.pdf"
"MAT-0492","有很甜的恋爱故事吗？ - 知乎【持续更新‖免费提供：CunworknoteS】.pdf",".pdf","1017293","2026-08-18 14:57:59","故事与案例","待内容核验","D:\整体视频流程重建\资料库\原始资料\知乎付费1090篇合集 - 精选知乎各领域的深度好文\有很甜的恋爱故事吗？ - 知乎【持续更新‖免费提供：CunworknoteS】.pdf"
"MAT-0493","有没有熬夜看完的言小说？ - 知乎【良心整理‖免费获取：cunloVe.cn】.pdf",".pdf","1623994","2026-08-18 14:58:00","故事与案例","待内容核验","D:\整体视频流程重建\资料库\原始资料\知乎付费1090篇合集 - 精选知乎各领域的深度好文\有没有熬夜看完的言小说？ - 知乎【良心整理‖免费获取：cunloVe.cn】.pdf"
"MAT-0494","有没有半个小时就可以看完的小甜文？ - 知乎.pdf",".pdf","1371360","2026-08-18 14:58:00","待人工归类","待内容核验","D:\整体视频流程重建\资料库\原始资料\知乎付费1090篇合集 - 精选知乎各领域的深度好文\有没有半个小时就可以看完的小甜文？ - 知乎.pdf"
"MAT-0495","有没有被一句话伤了很久？ - 知乎【持续更新‖免费提供：CunworknoteS】.pdf",".pdf","1134375","2026-08-18 14:58:00","待人工归类","待内容核验","D:\整体视频流程重建\资料库\原始资料\知乎付费1090篇合集 - 精选知乎各领域的深度好文\有没有被一句话伤了很久？ - 知乎【持续更新‖免费提供：CunworknoteS】.pdf"
"MAT-0496","有没有好看的沙雕小说？ - 知乎 (2).pdf",".pdf","2995685","2026-08-18 14:58:00","故事与案例","待内容核验","D:\整体视频流程重建\资料库\原始资料\知乎付费1090篇合集 - 精选知乎各领域的深度好文\有没有好看的沙雕小说？ - 知乎 (2).pdf"
"MAT-0497","有没有好看的沙雕小说？ - 知乎.pdf",".pdf","2339269","2026-08-18 14:58:01","故事与案例","待内容核验","D:\整体视频流程重建\资料库\原始资料\知乎付费1090篇合集 - 精选知乎各领域的深度好文\有没有好看的沙雕小说？ - 知乎.pdf"
"MAT-0498","有没有好看的伪兄甜宠古言小说推荐？ - 知乎 (1).pdf",".pdf","4894065","2026-08-18 14:58:01","故事与案例","待内容核验","D:\整体视频流程重建\资料库\原始资料\知乎付费1090篇合集 - 精选知乎各领域的深度好文\有没有好看的伪兄甜宠古言小说推荐？ - 知乎 (1).pdf"
"MAT-0499","有没有好看的伪兄甜宠古言小说推荐？ - 知乎.pdf",".pdf","1650224","2026-08-18 14:58:01","故事与案例","待内容核验","D:\整体视频流程重建\资料库\原始资料\知乎付费1090篇合集 - 精选知乎各领域的深度好文\有没有好看的伪兄甜宠古言小说推荐？ - 知乎.pdf"
"MAT-0500","有没有好看的追妻火葬场的文？ - 知乎.pdf",".pdf","7438008","2026-08-18 14:58:02","待人工归类","待内容核验","D:\整体视频流程重建\资料库\原始资料\知乎付费1090篇合集 - 精选知乎各领域的深度好文\有没有好看的追妻火葬场的文？ - 知乎.pdf"
"MAT-0501","有没有很短且细思极恐的恐怖故事？ - 知乎.pdf",".pdf","1236765","2026-08-18 14:58:01","故事与案例","待内容核验","D:\整体视频流程重建\资料库\原始资料\知乎付费1090篇合集 - 精选知乎各领域的深度好文\有没有很短且细思极恐的恐怖故事？ - 知乎.pdf"
"MAT-0502","有没有很甜但又不落俗套的言情小说？ - 知乎.pdf",".pdf","1593197","2026-08-18 14:58:02","故事与案例","待内容核验","D:\整体视频流程重建\资料库\原始资料\知乎付费1090篇合集 - 精选知乎各领域的深度好文\有没有很甜但又不落俗套的言情小说？ - 知乎.pdf"
"MAT-0503","有没有看着很上头的小说推荐？ - 知乎.pdf",".pdf","3885783","2026-08-18 14:58:02","故事与案例","待内容核验","D:\整体视频流程重建\资料库\原始资料\知乎付费1090篇合集 - 精选知乎各领域的深度好文\有没有看着很上头的小说推荐？ - 知乎.pdf"
"MAT-0504","有没有那种男主暗恋女主很久，一步步引诱女主爱上自己的小说？ - 知乎【整理不易‖免费奉上：cuNlove.cn】.pdf",".pdf","1695989","2026-08-18 14:58:03","故事与案例","待内容核验","D:\整体视频流程重建\资料库\原始资料\知乎付费1090篇合集 - 精选知乎各领域的深度好文\有没有那种男主暗恋女主很久，一步步引诱女主爱上自己的小说？ - 知乎【整理不易‖免费奉上：cuNlove.cn】.pdf"
"MAT-0505","有没有那种女主很清冷的小说？ - 知乎.pdf",".pdf","2543600","2026-08-18 14:58:03","故事与案例","待内容核验","D:\整体视频流程重建\资料库\原始资料\知乎付费1090篇合集 - 精选知乎各领域的深度好文\有没有那种女主很清冷的小说？ - 知乎.pdf"
"MAT-0506","有没有那种女追男，男主傲娇最后追妻「火葬场」的言情小说推荐？ - 知乎.pdf",".pdf","1526589","2026-08-18 14:58:03","故事与案例","待内容核验","D:\整体视频流程重建\资料库\原始资料\知乎付费1090篇合集 - 精选知乎各领域的深度好文\有没有那种女追男，男主傲娇最后追妻「火葬场」的言情小说推荐？ - 知乎.pdf"
"MAT-0507","有没有那种主暗恋主很久，一步步引诱主爱上自己的小说？ - 知乎 (2)【公重号：CunWorkNotes】.pdf",".pdf","1548648","2026-08-18 14:58:04","故事与案例","待内容核验","D:\整体视频流程重建\资料库\原始资料\知乎付费1090篇合集 - 精选知乎各领域的深度好文\有没有那种主暗恋主很久，一步步引诱主爱上自己的小说？ - 知乎 (2)【公重号：CunWorkNotes】.pdf"
"MAT-0508","有没有那种主暗恋主很久，一步步引诱主爱上自己的小说？ - 知乎.pdf",".pdf","1175479","2026-08-18 14:58:04","故事与案例","待内容核验","D:\整体视频流程重建\资料库\原始资料\知乎付费1090篇合集 - 精选知乎各领域的深度好文\有没有那种主暗恋主很久，一步步引诱主爱上自己的小说？ - 知乎.pdf"
"MAT-0509","有没有那种主暗恋主很久，一步步引诱主爱上自己的小说？ - 知乎(1).pdf",".pdf","1688123","2026-08-18 14:58:04","故事与案例","待内容核验","D:\整体视频流程重建\资料库\原始资料\知乎付费1090篇合集 - 精选知乎各领域的深度好文\有没有那种主暗恋主很久，一步步引诱主爱上自己的小说？ - 知乎(1).pdf"
"MAT-0510","有没有那种主是妖艳贱货又沙雕的小说推荐？ - 知乎 (1).pdf",".pdf","925294","2026-08-18 14:58:05","故事与案例","待内容核验","D:\整体视频流程重建\资料库\原始资料\知乎付费1090篇合集 - 精选知乎各领域的深度好文\有没有那种主是妖艳贱货又沙雕的小说推荐？ - 知乎 (1).pdf"
"MAT-0511","有没有那种主是妖艳贱货又沙雕的小说推荐？ - 知乎(1)【更多精选‖公众号：CunWorknotes】  .pdf",".pdf","876018","2026-08-18 14:58:05","故事与案例","待内容核验","D:\整体视频流程重建\资料库\原始资料\知乎付费1090篇合集 - 精选知乎各领域的深度好文\有没有那种主是妖艳贱货又沙雕的小说推荐？ - 知乎(1)【更多精选‖公众号：CunWorknotes】  .pdf"
"MAT-0512","有没有那种主是妖艳贱货又沙雕的小说推荐？ - 知乎【手动整理‖：cunlove.Cn】.pdf",".pdf","1098735","2026-08-18 14:58:05","故事与案例","待内容核验","D:\整体视频流程重建\资料库\原始资料\知乎付费1090篇合集 - 精选知乎各领域的深度好文\有没有那种主是妖艳贱货又沙雕的小说推荐？ - 知乎【手动整理‖：cunlove.Cn】.pdf"
"MAT-0513","有没有那种追，主傲娇最后追妻「火葬场」的言情小说推荐？ - 知乎 (1).pdf",".pdf","1526589","2026-08-18 14:58:05","故事与案例","待内容核验","D:\整体视频流程重建\资料库\原始资料\知乎付费1090篇合集 - 精选知乎各领域的深度好文\有没有那种追，主傲娇最后追妻「火葬场」的言情小说推荐？ - 知乎 (1).pdf"
"MAT-0514","有没有那种追，主傲娇最后追妻「火葬场」的言情小说推荐？ - 知乎.pdf",".pdf","2900023","2026-08-18 14:58:06","故事与案例","待内容核验","D:\整体视频流程重建\资料库\原始资料\知乎付费1090篇合集 - 精选知乎各领域的深度好文\有没有那种追，主傲娇最后追妻「火葬场」的言情小说推荐？ - 知乎.pdf"
"MAT-0515","有没有那种追妻火葬场还追不回来，主跟别人在一起收获幸的文_ - 知乎.pdf",".pdf","1015008","2026-08-18 14:58:05","待人工归类","待内容核验","D:\整体视频流程重建\资料库\原始资料\知乎付费1090篇合集 - 精选知乎各领域的深度好文\有没有那种追妻火葬场还追不回来，主跟别人在一起收获幸的文_ - 知乎.pdf"
"MAT-0516","有没有男主温柔到爆的小说推荐？ - 知乎.pdf",".pdf","1648270","2026-08-18 14:58:04","故事与案例","待内容核验","D:\整体视频流程重建\资料库\原始资料\知乎付费1090篇合集 - 精选知乎各领域的深度好文\有没有男主温柔到爆的小说推荐？ - 知乎.pdf"
"MAT-0517","有没有男主温文尔雅但是腹黑的古言！_ - 知乎.pdf",".pdf","688770","2026-08-18 14:58:04","待人工归类","待内容核验","D:\整体视频流程重建\资料库\原始资料\知乎付费1090篇合集 - 精选知乎各领域的深度好文\有没有男主温文尔雅但是腹黑的古言！_ - 知乎.pdf"
"MAT-0518","有没有能甜到打滚的小说？ - 知乎 (1).pdf",".pdf","1002857","2026-08-18 14:58:02","故事与案例","待内容核验","D:\整体视频流程重建\资料库\原始资料\知乎付费1090篇合集 - 精选知乎各领域的深度好文\有没有能甜到打滚的小说？ - 知乎 (1).pdf"
"MAT-0519","有没有能甜到打滚的小说？ - 知乎 (3)【整理不易‖免费奉上：cuNlove.cn】.pdf",".pdf","3010590","2026-08-18 14:58:03","故事与案例","待内容核验","D:\整体视频流程重建\资料库\原始资料\知乎付费1090篇合集 - 精选知乎各领域的深度好文\有没有能甜到打滚的小说？ - 知乎 (3)【整理不易‖免费奉上：cuNlove.cn】.pdf"
"MAT-0520","有没有能甜到打滚的小说？ - 知乎.pdf",".pdf","664321","2026-08-18 14:58:03","故事与案例","待内容核验","D:\整体视频流程重建\资料库\原始资料\知乎付费1090篇合集 - 精选知乎各领域的深度好文\有没有能甜到打滚的小说？ - 知乎.pdf"
"MAT-0521","有没有能甜到打滚的小说？ - 知乎(1)【手动整理‖：cunlove.Cn】.pdf",".pdf","1186693","2026-08-18 14:58:03","故事与案例","待内容核验","D:\整体视频流程重建\资料库\原始资料\知乎付费1090篇合集 - 精选知乎各领域的深度好文\有没有能甜到打滚的小说？ - 知乎(1)【手动整理‖：cunlove.Cn】.pdf"
"MAT-0522","有没有女主比较理智的小说？ - 知乎.pdf",".pdf","1142512","2026-08-18 14:58:02","故事与案例","待内容核验","D:\整体视频流程重建\资料库\原始资料\知乎付费1090篇合集 - 精选知乎各领域的深度好文\有没有女主比较理智的小说？ - 知乎.pdf"
"MAT-0523","有没有女主是老流氓的小说 类似《春日宴》的女主？ - 知乎.pdf",".pdf","2151558","2026-08-18 14:58:04","故事与案例","待内容核验","D:\整体视频流程重建\资料库\原始资料\知乎付费1090篇合集 - 精选知乎各领域的深度好文\有没有女主是老流氓的小说 类似《春日宴》的女主？ - 知乎.pdf"
"MAT-0524","有没有虐得你久久不能恢复的短篇小说？ - 知乎.pdf",".pdf","1359808","2026-08-18 14:58:02","故事与案例","待内容核验","D:\整体视频流程重建\资料库\原始资料\知乎付费1090篇合集 - 精选知乎各领域的深度好文\有没有虐得你久久不能恢复的短篇小说？ - 知乎.pdf"
"MAT-0525","有没有虐死人的短篇小说_ - 知乎.pdf",".pdf","958832","2026-08-18 14:58:02","故事与案例","待内容核验","D:\整体视频流程重建\资料库\原始资料\知乎付费1090篇合集 - 精选知乎各领域的深度好文\有没有虐死人的短篇小说_ - 知乎.pdf"
"MAT-0526","有没有强复仇的言情小说？ - 知乎.pdf",".pdf","714312","2026-08-18 14:58:06","故事与案例","待内容核验","D:\整体视频流程重建\资料库\原始资料\知乎付费1090篇合集 - 精选知乎各领域的深度好文\有没有强复仇的言情小说？ - 知乎.pdf"
"MAT-0527","有没有让你毛骨悚然的真实案件。？ - 知乎.pdf",".pdf","978301","2026-08-18 14:58:06","故事与案例","待内容核验","D:\整体视频流程重建\资料库\原始资料\知乎付费1090篇合集 - 精选知乎各领域的深度好文\有没有让你毛骨悚然的真实案件。？ - 知乎.pdf"
"MAT-0528","有没有让你意难平的短篇小说？ - 宫墙往事 的回答 - 知乎.pdf",".pdf","2391505","2026-08-18 14:58:06","故事与案例","待内容核验","D:\整体视频流程重建\资料库\原始资料\知乎付费1090篇合集 - 精选知乎各领域的深度好文\有没有让你意难平的短篇小说？ - 宫墙往事 的回答 - 知乎.pdf"
"MAT-0529","有没有让你意难平的短篇小说？ - 知乎.pdf",".pdf","1426831","2026-08-18 14:58:06","故事与案例","待内容核验","D:\整体视频流程重建\资料库\原始资料\知乎付费1090篇合集 - 精选知乎各领域的深度好文\有没有让你意难平的短篇小说？ - 知乎.pdf"
"MAT-0530","有没有人因为一句话而寒心？ - 冬至未至 的回答 - 知乎.pdf",".pdf","3162360","2026-08-18 14:58:07","待人工归类","待内容核验","D:\整体视频流程重建\资料库\原始资料\知乎付费1090篇合集 - 精选知乎各领域的深度好文\有没有人因为一句话而寒心？ - 冬至未至 的回答 - 知乎.pdf"
"MAT-0531","有没有人装逼正好撞到你擅长的领域上的？ - 知乎.pdf",".pdf","1128704","2026-08-18 14:58:07","待人工归类","待内容核验","D:\整体视频流程重建\资料库\原始资料\知乎付费1090篇合集 - 精选知乎各领域的深度好文\有没有人装逼正好撞到你擅长的领域上的？ - 知乎.pdf"
"MAT-0532","有没有什么好看的短篇小说！_ - 知乎.pdf",".pdf","975908","2026-08-18 14:58:07","故事与案例","待内容核验","D:\整体视频流程重建\资料库\原始资料\知乎付费1090篇合集 - 精选知乎各领域的深度好文\有没有什么好看的短篇小说！_ - 知乎.pdf"
"MAT-0533","有没有什么能把你虐哭的短篇小说？ - 知乎.pdf",".pdf","2440778","2026-08-18 14:58:07","故事与案例","待内容核验","D:\整体视频流程重建\资料库\原始资料\知乎付费1090篇合集 - 精选知乎各领域的深度好文\有没有什么能把你虐哭的短篇小说？ - 知乎.pdf"
"MAT-0534","有没有什么能把你虐哭的古风短篇小说？ - 知乎.pdf",".pdf","1889232","2026-08-18 14:58:07","故事与案例","待内容核验","D:\整体视频流程重建\资料库\原始资料\知乎付费1090篇合集 - 精选知乎各领域的深度好文\有没有什么能把你虐哭的古风短篇小说？ - 知乎.pdf"
"MAT-0535","有没有什么平淡好看的女配文？ - 知乎.pdf",".pdf","2460946","2026-08-18 14:58:08","待人工归类","待内容核验","D:\整体视频流程重建\资料库\原始资料\知乎付费1090篇合集 - 精选知乎各领域的深度好文\有没有什么平淡好看的女配文？ - 知乎.pdf"
"MAT-0536","有没有什么平淡好看的配文？ - 知乎【耗时整理‖ cunlove.cn】.pdf",".pdf","2151560","2026-08-18 14:58:08","待人工归类","待内容核验","D:\整体视频流程重建\资料库\原始资料\知乎付费1090篇合集 - 精选知乎各领域的深度好文\有没有什么平淡好看的配文？ - 知乎【耗时整理‖ cunlove.cn】.pdf"
"MAT-0537","有没有什么十分搞笑的沙雕文案？ - 知乎.pdf",".pdf","788268","2026-08-18 14:58:08","待人工归类","待内容核验","D:\整体视频流程重建\资料库\原始资料\知乎付费1090篇合集 - 精选知乎各领域的深度好文\有没有什么十分搞笑的沙雕文案？ - 知乎.pdf"
"MAT-0538","有没有什么特别恐怖的鬼故事短篇的，适合半夜看的？ - 知乎.pdf",".pdf","1055747","2026-08-18 14:58:08","故事与案例","待内容核验","D:\整体视频流程重建\资料库\原始资料\知乎付费1090篇合集 - 精选知乎各领域的深度好文\有没有什么特别恐怖的鬼故事短篇的，适合半夜看的？ - 知乎.pdf"
"MAT-0539","有没有什么特别虐心坎坷的爱情故事？ - 知乎.pdf",".pdf","1284785","2026-08-18 14:58:08","故事与案例","待内容核验","D:\整体视频流程重建\资料库\原始资料\知乎付费1090篇合集 - 精选知乎各领域的深度好文\有没有什么特别虐心坎坷的爱情故事？ - 知乎.pdf"
"MAT-0540","有没有什么甜到爆炸的短篇小说推荐？ - 知乎.pdf",".pdf","2985448","2026-08-18 14:58:09","故事与案例","待内容核验","D:\整体视频流程重建\资料库\原始资料\知乎付费1090篇合集 - 精选知乎各领域的深度好文\有没有什么甜到爆炸的短篇小说推荐？ - 知乎.pdf"
"MAT-0541","有没有什么甜到爆炸的短篇小说推荐？ - 知乎(20210505112828)【花费时间‖免费获取：cunLove.cn】.pdf",".pdf","1225742","2026-08-18 14:58:09","故事与案例","待内容核验","D:\整体视频流程重建\资料库\原始资料\知乎付费1090篇合集 - 精选知乎各领域的深度好文\有没有什么甜到爆炸的短篇小说推荐？ - 知乎(20210505112828)【花费时间‖免费获取：cunLove.cn】.pdf"
"MAT-0542","有没有什么甜到爆炸的短篇小说推荐？【良心整理‖免费获取：cunloVe.cn】.pdf",".pdf","1095640","2026-08-18 14:58:09","故事与案例","待内容核验","D:\整体视频流程重建\资料库\原始资料\知乎付费1090篇合集 - 精选知乎各领域的深度好文\有没有什么甜到爆炸的短篇小说推荐？【良心整理‖免费获取：cunloVe.cn】.pdf"
"MAT-0543","有没有什么甜甜的短篇小说？ - 知乎.pdf",".pdf","2092536","2026-08-18 14:58:09","故事与案例","待内容核验","D:\整体视频流程重建\资料库\原始资料\知乎付费1090篇合集 - 精选知乎各领域的深度好文\有没有什么甜甜的短篇小说？ - 知乎.pdf"
"MAT-0544","有没有什么修罗场很多同时又要不翻车的主向小说？ - 知乎.pdf",".pdf","1008577","2026-08-18 14:58:09","故事与案例","待内容核验","D:\整体视频流程重建\资料库\原始资料\知乎付费1090篇合集 - 精选知乎各领域的深度好文\有没有什么修罗场很多同时又要不翻车的主向小说？ - 知乎.pdf"
"MAT-0545","有没有特别让你惊艳的古言，疯狂想安利给别人的那种？ - 知乎【耗时整理‖不易且全免费：cunlOve.cn】.pdf",".pdf","727895","2026-08-18 14:58:10","待人工归类","待内容核验","D:\整体视频流程重建\资料库\原始资料\知乎付费1090篇合集 - 精选知乎各领域的深度好文\有没有特别让你惊艳的古言，疯狂想安利给别人的那种？ - 知乎【耗时整理‖不易且全免费：cunlOve.cn】.pdf"
"MAT-0546","有没有听完脊背发凉的鬼故事？ - 知乎【耗时整理‖免费分享：Cunlove.cn】.pdf",".pdf","746869","2026-08-18 14:58:11","故事与案例","待内容核验","D:\整体视频流程重建\资料库\原始资料\知乎付费1090篇合集 - 精选知乎各领域的深度好文\有没有听完脊背发凉的鬼故事？ - 知乎【耗时整理‖免费分享：Cunlove.cn】.pdf"
"MAT-0547","有没有突然发现自己有像言情小说女主的经历？ - 知乎.pdf",".pdf","1413973","2026-08-18 14:58:10","故事与案例","待内容核验","D:\整体视频流程重建\资料库\原始资料\知乎付费1090篇合集 - 精选知乎各领域的深度好文\有没有突然发现自己有像言情小说女主的经历？ - 知乎.pdf"
"MAT-0548","有没有突然发现自己有像言情小说主的经历？ - 知乎.pdf",".pdf","641496","2026-08-18 14:58:10","故事与案例","待内容核验","D:\整体视频流程重建\资料库\原始资料\知乎付费1090篇合集 - 精选知乎各领域的深度好文\有没有突然发现自己有像言情小说主的经历？ - 知乎.pdf"
"MAT-0549","有没有文笔绝佳高质量的言情小说_ - 知乎.pdf",".pdf","2214252","2026-08-18 14:58:10","故事与案例","待内容核验","D:\整体视频流程重建\资料库\原始资料\知乎付费1090篇合集 - 精选知乎各领域的深度好文\有没有文笔绝佳高质量的言情小说_ - 知乎.pdf"
"MAT-0550","有没有文笔绝佳高质量的言情小说_ - 知乎1.pdf",".pdf","1908454","2026-08-18 14:58:11","故事与案例","待内容核验","D:\整体视频流程重建\资料库\原始资料\知乎付费1090篇合集 - 精选知乎各领域的深度好文\有没有文笔绝佳高质量的言情小说_ - 知乎1.pdf"
"MAT-0551","有没有小说主是妖艳贱货的好康小说！血书跪求漂亮推荐？ - 知乎.pdf",".pdf","1644522","2026-08-18 14:58:11","故事与案例","待内容核验","D:\整体视频流程重建\资料库\原始资料\知乎付费1090篇合集 - 精选知乎各领域的深度好文\有没有小说主是妖艳贱货的好康小说！血书跪求漂亮推荐？ - 知乎.pdf"
"MAT-0552","有没有渣类型的小说？ - 知乎.pdf",".pdf","2883318","2026-08-18 14:58:12","故事与案例","待内容核验","D:\整体视频流程重建\资料库\原始资料\知乎付费1090篇合集 - 精选知乎各领域的深度好文\有没有渣类型的小说？ - 知乎.pdf"
"MAT-0553","有没有值得一看的言情小说？ - 宫墙往事 的回答 - 知乎.pdf",".pdf","2814972","2026-08-18 14:58:11","故事与案例","待内容核验","D:\整体视频流程重建\资料库\原始资料\知乎付费1090篇合集 - 精选知乎各领域的深度好文\有没有值得一看的言情小说？ - 宫墙往事 的回答 - 知乎.pdf"
"MAT-0554","有没有主比较理智的小说？ - 知乎.pdf",".pdf","1976975","2026-08-18 14:58:12","故事与案例","待内容核验","D:\整体视频流程重建\资料库\原始资料\知乎付费1090篇合集 - 精选知乎各领域的深度好文\有没有主比较理智的小说？ - 知乎.pdf"
"MAT-0555","有没有主三观正，不傻白甜，小说逻辑通畅的值得阅读的言情小说？ - 知乎.pdf",".pdf","1567431","2026-08-18 14:58:12","认知与思维；故事与案例","待内容核验","D:\整体视频流程重建\资料库\原始资料\知乎付费1090篇合集 - 精选知乎各领域的深度好文\有没有主三观正，不傻白甜，小说逻辑通畅的值得阅读的言情小说？ - 知乎.pdf"
"MAT-0556","有没有主是变态，病娇，黑化，囚禁之类的He_ - 知乎【优质合集‖免费获取：cunlove.cN】.pdf",".pdf","785019","2026-08-18 14:58:12","待人工归类","待内容核验","D:\整体视频流程重建\资料库\原始资料\知乎付费1090篇合集 - 精选知乎各领域的深度好文\有没有主是变态，病娇，黑化，囚禁之类的He_ - 知乎【优质合集‖免费获取：cunlove.cN】.pdf"
"MAT-0557","有没有主是皇上_太子的古言虐文_ - 知乎.pdf",".pdf","1656316","2026-08-18 14:58:13","待人工归类","待内容核验","D:\整体视频流程重建\资料库\原始资料\知乎付费1090篇合集 - 精选知乎各领域的深度好文\有没有主是皇上_太子的古言虐文_ - 知乎.pdf"
"MAT-0558","有没有主是老流氓的小说 类似《春日宴》的主？ - 知乎.pdf",".pdf","2151558","2026-08-18 14:58:13","故事与案例","待内容核验","D:\整体视频流程重建\资料库\原始资料\知乎付费1090篇合集 - 精选知乎各领域的深度好文\有没有主是老流氓的小说 类似《春日宴》的主？ - 知乎.pdf"
"MAT-0559","有没有主是妖艳贱货，主清心寡欲一本正经的小说推荐？ - 知乎【优质资源‖关注：cunWorkNotes 解锁】.pdf",".pdf","4628468","2026-08-18 14:58:13","故事与案例","待内容核验","D:\整体视频流程重建\资料库\原始资料\知乎付费1090篇合集 - 精选知乎各领域的深度好文\有没有主是妖艳贱货，主清心寡欲一本正经的小说推荐？ - 知乎【优质资源‖关注：cunWorkNotes 解锁】.pdf"
"MAT-0560","有没有主智商在线剧情又不拖拉的古言小说推荐？ - 知乎【优质合集‖免费获取：cunlove.cN】.pdf",".pdf","799117","2026-08-18 14:58:13","故事与案例","待内容核验","D:\整体视频流程重建\资料库\原始资料\知乎付费1090篇合集 - 精选知乎各领域的深度好文\有没有主智商在线剧情又不拖拉的古言小说推荐？ - 知乎【优质合集‖免费获取：cunlove.cN】.pdf"
"MAT-0561","有哪些案件是因为小细节破案的_ - 知乎.pdf",".pdf","1310005","2026-08-18 14:58:14","故事与案例","待内容核验","D:\整体视频流程重建\资料库\原始资料\知乎付费1090篇合集 - 精选知乎各领域的深度好文\有哪些案件是因为小细节破案的_ - 知乎.pdf"
"MAT-0562","有哪些半小时以内可以看完的短篇小甜文_ - 知乎 (1)【持续更新‖免费提供：CunworknoteS】.pdf",".pdf","1186990","2026-08-18 14:58:15","待人工归类","待内容核验","D:\整体视频流程重建\资料库\原始资料\知乎付费1090篇合集 - 精选知乎各领域的深度好文\有哪些半小时以内可以看完的短篇小甜文_ - 知乎 (1)【持续更新‖免费提供：CunworknoteS】.pdf"
"MAT-0563","有哪些半小时以内可以看完的短篇小甜文_ - 知乎【耗时整理‖免费分享：Cunlove.cn】.pdf",".pdf","1504340","2026-08-18 14:58:15","待人工归类","待内容核验","D:\整体视频流程重建\资料库\原始资料\知乎付费1090篇合集 - 精选知乎各领域的深度好文\有哪些半小时以内可以看完的短篇小甜文_ - 知乎【耗时整理‖免费分享：Cunlove.cn】.pdf"
"MAT-0564","有哪些比较好看的重生小说_ - 知乎 (1).pdf",".pdf","2510724","2026-08-18 14:58:14","故事与案例","待内容核验","D:\整体视频流程重建\资料库\原始资料\知乎付费1090篇合集 - 精选知乎各领域的深度好文\有哪些比较好看的重生小说_ - 知乎 (1).pdf"
"MAT-0565","有哪些比较好看的重生小说_ - 知乎.pdf",".pdf","1685291","2026-08-18 14:58:14","故事与案例","待内容核验","D:\整体视频流程重建\资料库\原始资料\知乎付费1090篇合集 - 精选知乎各领域的深度好文\有哪些比较好看的重生小说_ - 知乎.pdf"
"MAT-0566","有哪些病态占有欲的小说推荐吗？ - 知乎.pdf",".pdf","776441","2026-08-18 14:58:14","故事与案例","待内容核验","D:\整体视频流程重建\资料库\原始资料\知乎付费1090篇合集 - 精选知乎各领域的深度好文\有哪些病态占有欲的小说推荐吗？ - 知乎.pdf"
"MAT-0567","有哪些不用细思也恐极的故事？ - 知乎【良心整理‖免费获取：cunloVe.cn】.pdf",".pdf","815785","2026-08-18 14:58:15","故事与案例","待内容核验","D:\整体视频流程重建\资料库\原始资料\知乎付费1090篇合集 - 精选知乎各领域的深度好文\有哪些不用细思也恐极的故事？ - 知乎【良心整理‖免费获取：cunloVe.cn】.pdf"
"MAT-0568","有哪些穿越成恶毒配最后和原主在一起的文？ - 知乎.pdf",".pdf","7901171","2026-08-18 14:58:15","待人工归类","待内容核验","D:\整体视频流程重建\资料库\原始资料\知乎付费1090篇合集 - 精选知乎各领域的深度好文\有哪些穿越成恶毒配最后和原主在一起的文？ - 知乎.pdf"
"MAT-0569","有哪些典型的学生思维？ - 知乎【耗时整理‖ cunlove.cn】.pdf",".pdf","758675","2026-08-18 14:58:15","认知与思维","待内容核验","D:\整体视频流程重建\资料库\原始资料\知乎付费1090篇合集 - 精选知乎各领域的深度好文\有哪些典型的学生思维？ - 知乎【耗时整理‖ cunlove.cn】.pdf"
"MAT-0570","有哪些恶有恶报的故事？ - 知乎 (2).pdf",".pdf","1584982","2026-08-18 14:58:16","故事与案例","待内容核验","D:\整体视频流程重建\资料库\原始资料\知乎付费1090篇合集 - 精选知乎各领域的深度好文\有哪些恶有恶报的故事？ - 知乎 (2).pdf"
"MAT-0571","有哪些恶有恶报的故事？ - 知乎.pdf",".pdf","721995","2026-08-18 14:58:16","故事与案例","待内容核验","D:\整体视频流程重建\资料库\原始资料\知乎付费1090篇合集 - 精选知乎各领域的深度好文\有哪些恶有恶报的故事？ - 知乎.pdf"
"MAT-0572","有哪些好看的沙雕文？ - 知乎.pdf",".pdf","14332350","2026-08-18 14:58:56","待人工归类","待内容核验","D:\整体视频流程重建\资料库\原始资料\知乎付费1090篇合集 - 精选知乎各领域的深度好文\有哪些好看的沙雕文？ - 知乎.pdf"
"MAT-0573","有哪些很惨的女主角？ - 知乎【持续更新‖免费提供：CunworknoteS】.pdf",".pdf","6060036","2026-08-18 14:58:16","待人工归类","待内容核验","D:\整体视频流程重建\资料库\原始资料\知乎付费1090篇合集 - 精选知乎各领域的深度好文\有哪些很惨的女主角？ - 知乎【持续更新‖免费提供：CunworknoteS】.pdf"
"MAT-0574","有哪些很短的恐怖故事？ - 知乎【手动整理‖：cunlove.Cn】.pdf",".pdf","1545466","2026-08-18 14:58:17","故事与案例","待内容核验","D:\整体视频流程重建\资料库\原始资料\知乎付费1090篇合集 - 精选知乎各领域的深度好文\有哪些很短的恐怖故事？ - 知乎【手动整理‖：cunlove.Cn】.pdf"
"MAT-0575","有哪些很虐的古风短篇小说？ - 知乎【公重号：CunWorkNotes】.pdf",".pdf","938432","2026-08-18 14:58:16","故事与案例","待内容核验","D:\整体视频流程重建\资料库\原始资料\知乎付费1090篇合集 - 精选知乎各领域的深度好文\有哪些很虐的古风短篇小说？ - 知乎【公重号：CunWorkNotes】.pdf"
"MAT-0576","有哪些很虐心的短篇小说？ - 知乎.pdf",".pdf","1145296","2026-08-18 14:58:17","故事与案例","待内容核验","D:\整体视频流程重建\资料库\原始资料\知乎付费1090篇合集 - 精选知乎各领域的深度好文\有哪些很虐心的短篇小说？ - 知乎.pdf"
"MAT-0577","有哪些令人感觉全身发凉的脑洞故事？ - 知乎.pdf",".pdf","855452","2026-08-18 14:58:17","故事与案例","待内容核验","D:\整体视频流程重建\资料库\原始资料\知乎付费1090篇合集 - 精选知乎各领域的深度好文\有哪些令人感觉全身发凉的脑洞故事？ - 知乎.pdf"
"MAT-0578","有哪些令人浑身发抖的故事？ - 知乎 (1).pdf",".pdf","2073641","2026-08-18 14:58:17","故事与案例","待内容核验","D:\整体视频流程重建\资料库\原始资料\知乎付费1090篇合集 - 精选知乎各领域的深度好文\有哪些令人浑身发抖的故事？ - 知乎 (1).pdf"
"MAT-0579","有哪些令人浑身发抖的故事？ - 知乎.pdf",".pdf","1075173","2026-08-18 14:58:18","故事与案例","待内容核验","D:\整体视频流程重建\资料库\原始资料\知乎付费1090篇合集 - 精选知乎各领域的深度好文\有哪些令人浑身发抖的故事？ - 知乎.pdf"
"MAT-0580","有哪些令人浑身发抖的故事？ - 知乎(1)【资源精选‖更多关注：CunworkNotes】.pdf",".pdf","1667402","2026-08-18 14:58:17","故事与案例","待内容核验","D:\整体视频流程重建\资料库\原始资料\知乎付费1090篇合集 - 精选知乎各领域的深度好文\有哪些令人浑身发抖的故事？ - 知乎(1)【资源精选‖更多关注：CunworkNotes】.pdf"
"MAT-0581","有哪些能把人虐得肝疼的短篇小说？ - 知乎.pdf",".pdf","1642075","2026-08-18 14:58:18","故事与案例","待内容核验","D:\整体视频流程重建\资料库\原始资料\知乎付费1090篇合集 - 精选知乎各领域的深度好文\有哪些能把人虐得肝疼的短篇小说？ - 知乎.pdf"
"MAT-0582","有哪些女主乖乖软软的小说？ - 知乎【耗时整理‖不易且全免费：cunlOve.cn】.pdf",".pdf","2182718","2026-08-18 14:58:18","故事与案例","待内容核验","D:\整体视频流程重建\资料库\原始资料\知乎付费1090篇合集 - 精选知乎各领域的深度好文\有哪些女主乖乖软软的小说？ - 知乎【耗时整理‖不易且全免费：cunlOve.cn】.pdf"
"MAT-0583","有哪些虐死人的短篇小说_ - 知乎 (1).pdf",".pdf","2654713","2026-08-18 14:58:18","故事与案例","待内容核验","D:\整体视频流程重建\资料库\原始资料\知乎付费1090篇合集 - 精选知乎各领域的深度好文\有哪些虐死人的短篇小说_ - 知乎 (1).pdf"
"MAT-0584","有哪些虐死人的短篇小说_ - 知乎【手动整理‖：cunlove.Cn】.pdf",".pdf","959118","2026-08-18 14:58:18","故事与案例","待内容核验","D:\整体视频流程重建\资料库\原始资料\知乎付费1090篇合集 - 精选知乎各领域的深度好文\有哪些虐死人的短篇小说_ - 知乎【手动整理‖：cunlove.Cn】.pdf"
"MAT-0585","有哪些青梅竹马甜宠文推荐？ - 知乎【精挑细选‖免费提供：cunlovE.cn】.pdf",".pdf","1634778","2026-08-18 14:58:19","待人工归类","待内容核验","D:\整体视频流程重建\资料库\原始资料\知乎付费1090篇合集 - 精选知乎各领域的深度好文\有哪些青梅竹马甜宠文推荐？ - 知乎【精挑细选‖免费提供：cunlovE.cn】.pdf"
"MAT-0586","有哪些全世界只有几例的罕见病？ - 盐选推荐 的回答 - 知乎.pdf",".pdf","1698729","2026-08-18 14:58:19","待人工归类","待内容核验","D:\整体视频流程重建\资料库\原始资料\知乎付费1090篇合集 - 精选知乎各领域的深度好文\有哪些全世界只有几例的罕见病？ - 盐选推荐 的回答 - 知乎.pdf"
"MAT-0587","有哪些让你二刷的言情小说？ - 知乎(1)【花费时间‖：cunLove.cn】.pdf",".pdf","2842417","2026-08-18 14:58:19","故事与案例","待内容核验","D:\整体视频流程重建\资料库\原始资料\知乎付费1090篇合集 - 精选知乎各领域的深度好文\有哪些让你二刷的言情小说？ - 知乎(1)【花费时间‖：cunLove.cn】.pdf"
"MAT-0588","有哪些让你二刷的言情小说？ - 知乎(2).pdf",".pdf","1623040","2026-08-18 14:58:19","故事与案例","待内容核验","D:\整体视频流程重建\资料库\原始资料\知乎付费1090篇合集 - 精选知乎各领域的深度好文\有哪些让你二刷的言情小说？ - 知乎(2).pdf"
"MAT-0589","有哪些让你二刷的言情小说？ - 知乎【整理不易‖记得关注：CunWorKNotes】.pdf",".pdf","2860868","2026-08-18 14:58:20","故事与案例","待内容核验","D:\整体视频流程重建\资料库\原始资料\知乎付费1090篇合集 - 精选知乎各领域的深度好文\有哪些让你二刷的言情小说？ - 知乎【整理不易‖记得关注：CunWorKNotes】.pdf"
"MAT-0590","有哪些让你突然明白道理的瞬间？ - 知乎.pdf",".pdf","1615976","2026-08-18 14:58:20","待人工归类","待内容核验","D:\整体视频流程重建\资料库\原始资料\知乎付费1090篇合集 - 精选知乎各领域的深度好文\有哪些让你突然明白道理的瞬间？ - 知乎.pdf"
"MAT-0591","有哪些让你心头一紧的故事？ - 知乎.pdf",".pdf","915894","2026-08-18 14:58:20","故事与案例","待内容核验","D:\整体视频流程重建\资料库\原始资料\知乎付费1090篇合集 - 精选知乎各领域的深度好文\有哪些让你心头一紧的故事？ - 知乎.pdf"
"MAT-0592","有哪些人性的黑暗面，尤其是男女关系的黑暗面？ - 知乎【良心整理‖免费获取：cunloVe.cn】.pdf",".pdf","657463","2026-08-18 14:58:20","待人工归类","待内容核验","D:\整体视频流程重建\资料库\原始资料\知乎付费1090篇合集 - 精选知乎各领域的深度好文\有哪些人性的黑暗面，尤其是男女关系的黑暗面？ - 知乎【良心整理‖免费获取：cunloVe.cn】.pdf"
"MAT-0593","有哪些实用的心理学技巧 ？ - 盐选成长计划 的回答 - 知乎.pdf",".pdf","1585587","2026-08-18 14:58:20","待人工归类","待内容核验","D:\整体视频流程重建\资料库\原始资料\知乎付费1090篇合集 - 精选知乎各领域的深度好文\有哪些实用的心理学技巧 ？ - 盐选成长计划 的回答 - 知乎.pdf"
"MAT-0594","有哪些瞬间让你细思恐极？ - 小巫先生 的回答 - 知乎.pdf",".pdf","2742850","2026-08-18 14:58:20","待人工归类","待内容核验","D:\整体视频流程重建\资料库\原始资料\知乎付费1090篇合集 - 精选知乎各领域的深度好文\有哪些瞬间让你细思恐极？ - 小巫先生 的回答 - 知乎.pdf"
"MAT-0595","有哪些特别特别甜的故事？ - 知乎.pdf",".pdf","2198506","2026-08-18 14:58:21","故事与案例","待内容核验","D:\整体视频流程重建\资料库\原始资料\知乎付费1090篇合集 - 精选知乎各领域的深度好文\有哪些特别特别甜的故事？ - 知乎.pdf"
"MAT-0596","有哪些甜甜的古言小说？ - 知乎.pdf",".pdf","1855042","2026-08-18 14:58:21","故事与案例","待内容核验","D:\整体视频流程重建\资料库\原始资料\知乎付费1090篇合集 - 精选知乎各领域的深度好文\有哪些甜甜的古言小说？ - 知乎.pdf"
"MAT-0597","有哪些甜甜甜的军旅文或者糙汉文（男主荷尔蒙爆棚的那种）推荐？ - 知乎.pdf",".pdf","1894191","2026-08-18 14:58:21","待人工归类","待内容核验","D:\整体视频流程重建\资料库\原始资料\知乎付费1090篇合集 - 精选知乎各领域的深度好文\有哪些甜甜甜的军旅文或者糙汉文（男主荷尔蒙爆棚的那种）推荐？ - 知乎.pdf"
"MAT-0598","有哪些推动历史进步的死亡事件？ - 知乎【优质资源‖关注：cunWorkNotes 解锁】.pdf",".pdf","1454838","2026-08-18 14:58:21","故事与案例","待内容核验","D:\整体视频流程重建\资料库\原始资料\知乎付费1090篇合集 - 精选知乎各领域的深度好文\有哪些推动历史进步的死亡事件？ - 知乎【优质资源‖关注：cunWorkNotes 解锁】.pdf"
"MAT-0599","有哪些先婚后爱的小说？ - 知乎.pdf",".pdf","1005293","2026-08-18 14:58:21","故事与案例","待内容核验","D:\整体视频流程重建\资料库\原始资料\知乎付费1090篇合集 - 精选知乎各领域的深度好文\有哪些先婚后爱的小说？ - 知乎.pdf"
"MAT-0600","有哪些言情小说是你心中的白月光朱砂痣？ - 知乎.pdf",".pdf","1327066","2026-08-18 14:58:22","故事与案例","待内容核验","D:\整体视频流程重建\资料库\原始资料\知乎付费1090篇合集 - 精选知乎各领域的深度好文\有哪些言情小说是你心中的白月光朱砂痣？ - 知乎.pdf"
"MAT-0601","有哪些又甜又好看的短篇宠文？ - 知乎 (1).pdf",".pdf","999088","2026-08-18 14:58:22","待人工归类","待内容核验","D:\整体视频流程重建\资料库\原始资料\知乎付费1090篇合集 - 精选知乎各领域的深度好文\有哪些又甜又好看的短篇宠文？ - 知乎 (1).pdf"
"MAT-0602","有哪些又甜又好看的短篇宠文？ - 知乎.pdf",".pdf","1465844","2026-08-18 14:58:22","待人工归类","待内容核验","D:\整体视频流程重建\资料库\原始资料\知乎付费1090篇合集 - 精选知乎各领域的深度好文\有哪些又甜又好看的短篇宠文？ - 知乎.pdf"
"MAT-0603","有哪些又甜又好看的短篇宠文？ - 知乎(1).pdf",".pdf","717688","2026-08-18 14:58:22","待人工归类","待内容核验","D:\整体视频流程重建\资料库\原始资料\知乎付费1090篇合集 - 精选知乎各领域的深度好文\有哪些又甜又好看的短篇宠文？ - 知乎(1).pdf"
"MAT-0604","有哪些在你有需要时必讲的恐怖故事？ - 知乎.pdf",".pdf","6365257","2026-08-18 14:58:23","故事与案例","待内容核验","D:\整体视频流程重建\资料库\原始资料\知乎付费1090篇合集 - 精选知乎各领域的深度好文\有哪些在你有需要时必讲的恐怖故事？ - 知乎.pdf"
"MAT-0605","有哪些真实的甜到齁甜到腻的爱情故事？ - 知乎.pdf",".pdf","1288446","2026-08-18 14:58:23","故事与案例","待内容核验","D:\整体视频流程重建\资料库\原始资料\知乎付费1090篇合集 - 精选知乎各领域的深度好文\有哪些真实的甜到齁甜到腻的爱情故事？ - 知乎.pdf"
"MAT-0606","有哪些真实发生的著名连环或变态杀人案？ - 知乎【优质合集‖免费获取：cunlove.cN】.pdf",".pdf","1319530","2026-08-18 14:58:23","故事与案例","待内容核验","D:\整体视频流程重建\资料库\原始资料\知乎付费1090篇合集 - 精选知乎各领域的深度好文\有哪些真实发生的著名连环或变态杀人案？ - 知乎【优质合集‖免费获取：cunlove.cN】.pdf"
"MAT-0607","有哪些值得推荐的入门级好耳机？ - 知乎.pdf",".pdf","1241461","2026-08-18 14:58:23","待人工归类","待内容核验","D:\整体视频流程重建\资料库\原始资料\知乎付费1090篇合集 - 精选知乎各领域的深度好文\有哪些值得推荐的入门级好耳机？ - 知乎.pdf"
"MAT-0608","有哪些主乖乖软软的小说？ - 知乎.pdf",".pdf","2182718","2026-08-18 14:58:23","故事与案例","待内容核验","D:\整体视频流程重建\资料库\原始资料\知乎付费1090篇合集 - 精选知乎各领域的深度好文\有哪些主乖乖软软的小说？ - 知乎.pdf"
"MAT-0609","有哪一个瞬间，对老公彻底失望心寒？ - 知乎.pdf",".pdf","1476587","2026-08-18 14:58:24","待人工归类","待内容核验","D:\整体视频流程重建\资料库\原始资料\知乎付费1090篇合集 - 精选知乎各领域的深度好文\有哪一个瞬间，对老公彻底失望心寒？ - 知乎.pdf"
"MAT-0610","有那种高岭之花主，被主勾引拉下神坛的文吗？ - 知乎.pdf",".pdf","3232378","2026-08-18 14:58:24","待人工归类","待内容核验","D:\整体视频流程重建\资料库\原始资料\知乎付费1090篇合集 - 精选知乎各领域的深度好文\有那种高岭之花主，被主勾引拉下神坛的文吗？ - 知乎.pdf"
"MAT-0611","有女主很A的小说推荐吗？ - 知乎.pdf",".pdf","1436440","2026-08-18 14:58:24","故事与案例","待内容核验","D:\整体视频流程重建\资料库\原始资料\知乎付费1090篇合集 - 精选知乎各领域的深度好文\有女主很A的小说推荐吗？ - 知乎.pdf"
"MAT-0612","有钱人喜欢什么样的生？ - 知乎【手动整理‖：cunlove.Cn】.pdf",".pdf","998473","2026-08-18 14:58:24","待人工归类","待内容核验","D:\整体视频流程重建\资料库\原始资料\知乎付费1090篇合集 - 精选知乎各领域的深度好文\有钱人喜欢什么样的生？ - 知乎【手动整理‖：cunlove.Cn】.pdf"
"MAT-0613","有钱人真的很任性吗？ - 知乎(1).pdf",".pdf","1422063","2026-08-18 14:58:24","待人工归类","待内容核验","D:\整体视频流程重建\资料库\原始资料\知乎付费1090篇合集 - 精选知乎各领域的深度好文\有钱人真的很任性吗？ - 知乎(1).pdf"
"MAT-0614","有钱人真的很任性吗？ - 知乎【耗时整理‖不易且全免费：cunlOve.cn】.pdf",".pdf","1422085","2026-08-18 14:58:24","待人工归类","待内容核验","D:\整体视频流程重建\资料库\原始资料\知乎付费1090篇合集 - 精选知乎各领域的深度好文\有钱人真的很任性吗？ - 知乎【耗时整理‖不易且全免费：cunlOve.cn】.pdf"
"MAT-0615","有什么百看不厌甜甜的睡前故事_ - 知乎 (1).pdf",".pdf","1508720","2026-08-18 14:58:24","故事与案例","待内容核验","D:\整体视频流程重建\资料库\原始资料\知乎付费1090篇合集 - 精选知乎各领域的深度好文\有什么百看不厌甜甜的睡前故事_ - 知乎 (1).pdf"
"MAT-0616","有什么百看不厌甜甜的睡前故事_ - 知乎.pdf",".pdf","1419705","2026-08-18 14:58:25","故事与案例","待内容核验","D:\整体视频流程重建\资料库\原始资料\知乎付费1090篇合集 - 精选知乎各领域的深度好文\有什么百看不厌甜甜的睡前故事_ - 知乎.pdf"
"MAT-0617","有什么格调高一点的言情小说_ - 知乎【资源精选‖更多关注：CunworkNotes】.pdf",".pdf","4941038","2026-08-18 14:58:25","故事与案例","待内容核验","D:\整体视频流程重建\资料库\原始资料\知乎付费1090篇合集 - 精选知乎各领域的深度好文\有什么格调高一点的言情小说_ - 知乎【资源精选‖更多关注：CunworkNotes】.pdf"
"MAT-0618","有什么古言故事推荐吗？ - 知乎【整理不易‖免费奉上：cuNlove.cn】.pdf",".pdf","3596272","2026-08-18 14:58:25","故事与案例","待内容核验","D:\整体视频流程重建\资料库\原始资料\知乎付费1090篇合集 - 精选知乎各领域的深度好文\有什么古言故事推荐吗？ - 知乎【整理不易‖免费奉上：cuNlove.cn】.pdf"
"MAT-0619","有什么关于医生类的言情小说吗？ - 知乎.pdf",".pdf","2102356","2026-08-18 14:58:26","故事与案例","待内容核验","D:\整体视频流程重建\资料库\原始资料\知乎付费1090篇合集 - 精选知乎各领域的深度好文\有什么关于医生类的言情小说吗？ - 知乎.pdf"
"MAT-0620","有什么关于医生类的言情小说吗？ - 知乎(1).pdf",".pdf","2102355","2026-08-18 14:58:25","故事与案例","待内容核验","D:\整体视频流程重建\资料库\原始资料\知乎付费1090篇合集 - 精选知乎各领域的深度好文\有什么关于医生类的言情小说吗？ - 知乎(1).pdf"
"MAT-0621","有什么好看的重生文可以推荐？ - 知乎【耗时整理‖ cunlove.cn】.pdf",".pdf","11020672","2026-08-18 14:58:58","待人工归类","待内容核验","D:\整体视频流程重建\资料库\原始资料\知乎付费1090篇合集 - 精选知乎各领域的深度好文\有什么好看的重生文可以推荐？ - 知乎【耗时整理‖ cunlove.cn】.pdf"
"MAT-0622","有什么可以快速入睡的方法(就是失眠了)？ - 知乎【优质资源‖关注：cunWorkNotes 解锁】.pdf",".pdf","437173","2026-08-18 14:58:26","待人工归类","待内容核验","D:\整体视频流程重建\资料库\原始资料\知乎付费1090篇合集 - 精选知乎各领域的深度好文\有什么可以快速入睡的方法(就是失眠了)？ - 知乎【优质资源‖关注：cunWorkNotes 解锁】.pdf"
"MAT-0623","有什么撩男朋友的小套路？ - 知乎.pdf",".pdf","1985096","2026-08-18 14:58:26","待人工归类","待内容核验","D:\整体视频流程重建\资料库\原始资料\知乎付费1090篇合集 - 精选知乎各领域的深度好文\有什么撩男朋友的小套路？ - 知乎.pdf"
"MAT-0624","有什么撩朋友的小套路？ - 知乎.pdf",".pdf","1985096","2026-08-18 14:58:26","待人工归类","待内容核验","D:\整体视频流程重建\资料库\原始资料\知乎付费1090篇合集 - 精选知乎各领域的深度好文\有什么撩朋友的小套路？ - 知乎.pdf"
"MAT-0625","有什么男主糙汉女主娇娇软软的文吗？ - 知乎.pdf",".pdf","1958987","2026-08-18 14:58:27","待人工归类","待内容核验","D:\整体视频流程重建\资料库\原始资料\知乎付费1090篇合集 - 精选知乎各领域的深度好文\有什么男主糙汉女主娇娇软软的文吗？ - 知乎.pdf"
"MAT-0626","有什么女主不作不婊不憨批，不玛丽苏的小说吗？ - 知乎.pdf",".pdf","1773537","2026-08-18 14:58:27","故事与案例","待内容核验","D:\整体视频流程重建\资料库\原始资料\知乎付费1090篇合集 - 精选知乎各领域的深度好文\有什么女主不作不婊不憨批，不玛丽苏的小说吗？ - 知乎.pdf"
"MAT-0627","有什么女主不作不婊不憨批，不玛丽苏的小说吗？ - 知乎(1).pdf",".pdf","1773560","2026-08-18 14:58:26","故事与案例","待内容核验","D:\整体视频流程重建\资料库\原始资料\知乎付费1090篇合集 - 精选知乎各领域的深度好文\有什么女主不作不婊不憨批，不玛丽苏的小说吗？ - 知乎(1).pdf"
"MAT-0628","有什么女主不作不婊不憨批，不玛丽苏的小说吗？ - 知乎(2).pdf",".pdf","2866763","2026-08-18 14:58:26","故事与案例","待内容核验","D:\整体视频流程重建\资料库\原始资料\知乎付费1090篇合集 - 精选知乎各领域的深度好文\有什么女主不作不婊不憨批，不玛丽苏的小说吗？ - 知乎(2).pdf"
"MAT-0629","有什么青梅竹马的甜甜小说吗？ - 知乎【更多精选‖公众号：CunWorknotes】  .pdf",".pdf","900461","2026-08-18 14:58:27","故事与案例","待内容核验","D:\整体视频流程重建\资料库\原始资料\知乎付费1090篇合集 - 精选知乎各领域的深度好文\有什么青梅竹马的甜甜小说吗？ - 知乎【更多精选‖公众号：CunWorknotes】  .pdf"
"MAT-0630","有什么让你忍不住姨母笑的小说？ - 知乎.pdf",".pdf","235472","2026-08-18 14:58:27","故事与案例","待内容核验","D:\整体视频流程重建\资料库\原始资料\知乎付费1090篇合集 - 精选知乎各领域的深度好文\有什么让你忍不住姨母笑的小说？ - 知乎.pdf"
"MAT-0631","有什么让人憋笑到肚疼的小说值得推荐？ - 知乎.pdf",".pdf","3145335","2026-08-18 14:58:27","故事与案例","待内容核验","D:\整体视频流程重建\资料库\原始资料\知乎付费1090篇合集 - 精选知乎各领域的深度好文\有什么让人憋笑到肚疼的小说值得推荐？ - 知乎.pdf"
"MAT-0632","有什么让人听了背脊发凉的恐怖故事？ - 知乎.pdf",".pdf","383875","2026-08-18 14:58:27","故事与案例","待内容核验","D:\整体视频流程重建\资料库\原始资料\知乎付费1090篇合集 - 精选知乎各领域的深度好文\有什么让人听了背脊发凉的恐怖故事？ - 知乎.pdf"
"MAT-0633","有什么甜甜的睡前小故事吗？ - 知乎.pdf",".pdf","1048114","2026-08-18 14:58:28","故事与案例","待内容核验","D:\整体视频流程重建\资料库\原始资料\知乎付费1090篇合集 - 精选知乎各领域的深度好文\有什么甜甜的睡前小故事吗？ - 知乎.pdf"
"MAT-0634","有什么甜甜的小说推荐？ - 知乎 (1)【更多精选‖公众号：CunWorknotes】  .pdf",".pdf","3590448","2026-08-18 14:58:28","故事与案例","待内容核验","D:\整体视频流程重建\资料库\原始资料\知乎付费1090篇合集 - 精选知乎各领域的深度好文\有什么甜甜的小说推荐？ - 知乎 (1)【更多精选‖公众号：CunWorknotes】  .pdf"
"MAT-0635","有什么甜甜的小说推荐？ - 知乎.pdf",".pdf","2035035","2026-08-18 14:58:28","故事与案例","待内容核验","D:\整体视频流程重建\资料库\原始资料\知乎付费1090篇合集 - 精选知乎各领域的深度好文\有什么甜甜的小说推荐？ - 知乎.pdf"
"MAT-0636","有什么甜甜的小说推荐？ - 知乎(2).pdf",".pdf","2183106","2026-08-18 14:58:28","故事与案例","待内容核验","D:\整体视频流程重建\资料库\原始资料\知乎付费1090篇合集 - 精选知乎各领域的深度好文\有什么甜甜的小说推荐？ - 知乎(2).pdf"
"MAT-0637","有什么甜甜的小说推荐？ - 知乎(3)【不易整理‖请关注：CunWorkNoteS】.pdf",".pdf","3259388","2026-08-18 14:58:28","故事与案例","待内容核验","D:\整体视频流程重建\资料库\原始资料\知乎付费1090篇合集 - 精选知乎各领域的深度好文\有什么甜甜的小说推荐？ - 知乎(3)【不易整理‖请关注：CunWorkNoteS】.pdf"
"MAT-0638","有什么文笔好HE的言情小说吗？ - 知乎.pdf",".pdf","880877","2026-08-18 14:58:28","故事与案例","待内容核验","D:\整体视频流程重建\资料库\原始资料\知乎付费1090篇合集 - 精选知乎各领域的深度好文\有什么文笔好HE的言情小说吗？ - 知乎.pdf"
"MAT-0639","有什么值得推荐的虐心的小说_ - 知乎.pdf",".pdf","1344097","2026-08-18 14:58:29","故事与案例","待内容核验","D:\整体视频流程重建\资料库\原始资料\知乎付费1090篇合集 - 精选知乎各领域的深度好文\有什么值得推荐的虐心的小说_ - 知乎.pdf"
"MAT-0640","有什么主不作不婊不憨批，不玛丽苏的小说吗？ - 宫墙往事 的回答 - 知乎.pdf",".pdf","4519710","2026-08-18 14:58:29","故事与案例","待内容核验","D:\整体视频流程重建\资料库\原始资料\知乎付费1090篇合集 - 精选知乎各领域的深度好文\有什么主不作不婊不憨批，不玛丽苏的小说吗？ - 宫墙往事 的回答 - 知乎.pdf"
"MAT-0641","有什么主不作不婊不憨批，不玛丽苏的小说吗？ - 知乎.pdf",".pdf","5602305","2026-08-18 14:58:29","故事与案例","待内容核验","D:\整体视频流程重建\资料库\原始资料\知乎付费1090篇合集 - 精选知乎各领域的深度好文\有什么主不作不婊不憨批，不玛丽苏的小说吗？ - 知乎.pdf"
"MAT-0642","有文风轻松欢脱的沙雕文吗？ - 知乎.pdf",".pdf","798020","2026-08-18 14:58:29","待人工归类","待内容核验","D:\整体视频流程重建\资料库\原始资料\知乎付费1090篇合集 - 精选知乎各领域的深度好文\有文风轻松欢脱的沙雕文吗？ - 知乎.pdf"
"MAT-0643","有文化可以有多可怕？ - 知乎.pdf",".pdf","1678796","2026-08-18 14:58:30","待人工归类","待内容核验","D:\整体视频流程重建\资料库\原始资料\知乎付费1090篇合集 - 精选知乎各领域的深度好文\有文化可以有多可怕？ - 知乎.pdf"
"MAT-0644","有些女生可以恶心到什么程度？ - 知乎.pdf",".pdf","1326656","2026-08-18 14:58:30","待人工归类","待内容核验","D:\整体视频流程重建\资料库\原始资料\知乎付费1090篇合集 - 精选知乎各领域的深度好文\有些女生可以恶心到什么程度？ - 知乎.pdf"
"MAT-0645","有些生可以恶心到什么程度？ - 知乎 (1).pdf",".pdf","1326656","2026-08-18 14:58:30","待人工归类","待内容核验","D:\整体视频流程重建\资料库\原始资料\知乎付费1090篇合集 - 精选知乎各领域的深度好文\有些生可以恶心到什么程度？ - 知乎 (1).pdf"
"MAT-0646","有些生可以恶心到什么程度？ - 知乎.pdf",".pdf","1104887","2026-08-18 14:58:30","待人工归类","待内容核验","D:\整体视频流程重建\资料库\原始资料\知乎付费1090篇合集 - 精选知乎各领域的深度好文\有些生可以恶心到什么程度？ - 知乎.pdf"
"MAT-0647","有一个「御」友是种怎样的体验？ - 故事档案局 的回答 - 知乎【持续更新‖免费提供：CunworknoteS】.pdf",".pdf","1409176","2026-08-18 14:58:32","故事与案例","待内容核验","D:\整体视频流程重建\资料库\原始资料\知乎付费1090篇合集 - 精选知乎各领域的深度好文\有一个「御」友是种怎样的体验？ - 故事档案局 的回答 - 知乎【持续更新‖免费提供：CunworknoteS】.pdf"
"MAT-0648","有一个「御姐」女友是种怎样的体验？ - 知乎【不易整理‖请关注：CunWorkNoteS】.pdf",".pdf","577562","2026-08-18 14:58:31","待人工归类","待内容核验","D:\整体视频流程重建\资料库\原始资料\知乎付费1090篇合集 - 精选知乎各领域的深度好文\有一个「御姐」女友是种怎样的体验？ - 知乎【不易整理‖请关注：CunWorkNoteS】.pdf"
"MAT-0649","有一个弟弟是种怎样的体验？ - 知乎【精挑细选‖免费提供：cunlovE.cn】.pdf",".pdf","1122789","2026-08-18 14:58:31","待人工归类","待内容核验","D:\整体视频流程重建\资料库\原始资料\知乎付费1090篇合集 - 精选知乎各领域的深度好文\有一个弟弟是种怎样的体验？ - 知乎【精挑细选‖免费提供：cunlovE.cn】.pdf"
"MAT-0650","有一个很会的男朋友是什么感受？ - 知乎【资源精选‖更多关注：CunworkNotes】.pdf",".pdf","1182027","2026-08-18 14:58:31","待人工归类","待内容核验","D:\整体视频流程重建\资料库\原始资料\知乎付费1090篇合集 - 精选知乎各领域的深度好文\有一个很会的男朋友是什么感受？ - 知乎【资源精选‖更多关注：CunworkNotes】.pdf"
"MAT-0651","有一个很会的朋友是什么感受？ - 知乎.pdf",".pdf","993622","2026-08-18 14:58:31","待人工归类","待内容核验","D:\整体视频流程重建\资料库\原始资料\知乎付费1090篇合集 - 精选知乎各领域的深度好文\有一个很会的朋友是什么感受？ - 知乎.pdf"
"MAT-0652","有一个外科医生朋友是种怎样的体验？ - 知乎.pdf",".pdf","2296223","2026-08-18 14:58:31","待人工归类","待内容核验","D:\整体视频流程重建\资料库\原始资料\知乎付费1090篇合集 - 精选知乎各领域的深度好文\有一个外科医生朋友是种怎样的体验？ - 知乎.pdf"
"MAT-0653","有一个小狗朋友是什么体验？ - 知乎【更多精选‖公众号：CunWorknotes】  .pdf",".pdf","1709086","2026-08-18 14:58:31","待人工归类","待内容核验","D:\整体视频流程重建\资料库\原始资料\知乎付费1090篇合集 - 精选知乎各领域的深度好文\有一个小狗朋友是什么体验？ - 知乎【更多精选‖公众号：CunWorknotes】  .pdf"
"MAT-0654","有一群很恶心的亲戚是一种什么样的体验？ - 知乎 (1).pdf",".pdf","654832","2026-08-18 14:58:32","待人工归类","待内容核验","D:\整体视频流程重建\资料库\原始资料\知乎付费1090篇合集 - 精选知乎各领域的深度好文\有一群很恶心的亲戚是一种什么样的体验？ - 知乎 (1).pdf"
"MAT-0655","有一群很恶心的亲戚是一种什么样的体验？ - 知乎.pdf",".pdf","1275050","2026-08-18 14:58:32","待人工归类","待内容核验","D:\整体视频流程重建\资料库\原始资料\知乎付费1090篇合集 - 精选知乎各领域的深度好文\有一群很恶心的亲戚是一种什么样的体验？ - 知乎.pdf"
"MAT-0656","有最让你毁三观的事情吗？是什么事？ - 知乎.pdf",".pdf","785452","2026-08-18 14:58:32","待人工归类","待内容核验","D:\整体视频流程重建\资料库\原始资料\知乎付费1090篇合集 - 精选知乎各领域的深度好文\有最让你毁三观的事情吗？是什么事？ - 知乎.pdf"
"MAT-0657","有做过什么现在想想都觉得害羞的事？ - 知乎【手动整理‖：cunlove.Cn】.pdf",".pdf","840085","2026-08-18 14:58:32","待人工归类","待内容核验","D:\整体视频流程重建\资料库\原始资料\知乎付费1090篇合集 - 精选知乎各领域的深度好文\有做过什么现在想想都觉得害羞的事？ - 知乎【手动整理‖：cunlove.Cn】.pdf"
"MAT-0658","在哪一瞬间你觉得你朋友真可怜？ - 脆藕 的回答 - 知乎.pdf",".pdf","2850141","2026-08-18 14:58:54","待人工归类","待内容核验","D:\整体视频流程重建\资料库\原始资料\知乎付费1090篇合集 - 精选知乎各领域的深度好文\在哪一瞬间你觉得你朋友真可怜？ - 脆藕 的回答 - 知乎.pdf"
"MAT-0659","在校园穿 JK 制服是什么体验？回头率高吗？ - 知乎【耗时整理‖不易且全免费：cunlOve.cn】.pdf",".pdf","482213","2026-08-18 14:58:56","待人工归类","待内容核验","D:\整体视频流程重建\资料库\原始资料\知乎付费1090篇合集 - 精选知乎各领域的深度好文\在校园穿 JK 制服是什么体验？回头率高吗？ - 知乎【耗时整理‖不易且全免费：cunlOve.cn】.pdf"
"MAT-0660","怎么识别一个人是不是有抑郁症以及抑郁的程度？ - 知乎.pdf",".pdf","473966","2026-08-18 14:58:53","待人工归类","待内容核验","D:\整体视频流程重建\资料库\原始资料\知乎付费1090篇合集 - 精选知乎各领域的深度好文\怎么识别一个人是不是有抑郁症以及抑郁的程度？ - 知乎.pdf"
"MAT-0661","怎么以“我的夫君好像……不行_”写一个故事_ - 知乎.pdf",".pdf","1660875","2026-08-18 14:58:53","故事与案例","待内容核验","D:\整体视频流程重建\资料库\原始资料\知乎付费1090篇合集 - 精选知乎各领域的深度好文\怎么以“我的夫君好像……不行_”写一个故事_ - 知乎.pdf"
"MAT-0662","怎么以「王爷叫道：“救侧妃”，王妃不再挣扎，潜入水底」为开头写一篇沙雕HE_ - 知乎【精挑细选‖免费提供：cunlovE.cn】.pdf",".pdf","3089693","2026-08-18 14:58:57","待人工归类","待内容核验","D:\整体视频流程重建\资料库\原始资料\知乎付费1090篇合集 - 精选知乎各领域的深度好文\怎么以「王爷叫道：“救侧妃”，王妃不再挣扎，潜入水底」为开头写一篇沙雕HE_ - 知乎【精挑细选‖免费提供：cunlovE.cn】.pdf"
"MAT-0663","渣和渣在一起了是种什么体验？ - 知乎【耗时整理‖免费分享：Cunlove.cn】.pdf",".pdf","1480900","2026-08-18 14:58:56","待人工归类","待内容核验","D:\整体视频流程重建\资料库\原始资料\知乎付费1090篇合集 - 精选知乎各领域的深度好文\渣和渣在一起了是种什么体验？ - 知乎【耗时整理‖免费分享：Cunlove.cn】.pdf"
"MAT-0664","渣男和渣女在一起了是种什么体验？ - 知乎【耗时整理‖不易且全免费：cunlOve.cn】.pdf",".pdf","1383378","2026-08-18 14:58:54","待人工归类","待内容核验","D:\整体视频流程重建\资料库\原始资料\知乎付费1090篇合集 - 精选知乎各领域的深度好文\渣男和渣女在一起了是种什么体验？ - 知乎【耗时整理‖不易且全免费：cunlOve.cn】.pdf"
"MAT-0665","渣女是怎样玩弄男人的呢？ - 知乎.pdf",".pdf","1235126","2026-08-18 14:58:54","待人工归类","待内容核验","D:\整体视频流程重建\资料库\原始资料\知乎付费1090篇合集 - 精选知乎各领域的深度好文\渣女是怎样玩弄男人的呢？ - 知乎.pdf"
"MAT-0666","真的是前任一哭现任必输吗？ - 公子词 的回答 - 知乎.pdf",".pdf","1368175","2026-08-18 14:58:33","待人工归类","待内容核验","D:\整体视频流程重建\资料库\原始资料\知乎付费1090篇合集 - 精选知乎各领域的深度好文\真的是前任一哭现任必输吗？ - 公子词 的回答 - 知乎.pdf"
"MAT-0667","知乎上有哪些古言甜文_ - 知乎【耗时整理‖ cunlove.cn】.pdf",".pdf","2009279","2026-08-18 14:58:33","待人工归类","待内容核验","D:\整体视频流程重建\资料库\原始资料\知乎付费1090篇合集 - 精选知乎各领域的深度好文\知乎上有哪些古言甜文_ - 知乎【耗时整理‖ cunlove.cn】.pdf"
"MAT-0668","知乎上有哪些让你印象深刻的原创小说？ - 知乎.pdf",".pdf","3373527","2026-08-18 14:58:33","故事与案例","待内容核验","D:\整体视频流程重建\资料库\原始资料\知乎付费1090篇合集 - 精选知乎各领域的深度好文\知乎上有哪些让你印象深刻的原创小说？ - 知乎.pdf"
"MAT-0669","知乎盐选 _ 「说话」是如何改变你的思维的？【整理不易‖免费奉上：cuNlove.cn】.pdf",".pdf","1454011","2026-08-18 14:58:52","认知与思维","待内容核验","D:\整体视频流程重建\资料库\原始资料\知乎付费1090篇合集 - 精选知乎各领域的深度好文\知乎盐选 _ 「说话」是如何改变你的思维的？【整理不易‖免费奉上：cuNlove.cn】.pdf"
"MAT-0670","知乎盐选 _ 「越来越糟」的社会，为什么我建议你少看新闻？【花费时间‖免费获取：cunLove.cn】.pdf",".pdf","1098775","2026-08-18 14:58:52","故事与案例","待内容核验","D:\整体视频流程重建\资料库\原始资料\知乎付费1090篇合集 - 精选知乎各领域的深度好文\知乎盐选 _ 「越来越糟」的社会，为什么我建议你少看新闻？【花费时间‖免费获取：cunLove.cn】.pdf"
"MAT-0671","知乎盐选 _ 【不易整理‖请关注：CunWorkNoteS】.pdf",".pdf","1097441","2026-08-18 14:58:54","待人工归类","待内容核验","D:\整体视频流程重建\资料库\原始资料\知乎付费1090篇合集 - 精选知乎各领域的深度好文\知乎盐选 _ 【不易整理‖请关注：CunWorkNoteS】.pdf"
"MAT-0672","知乎盐选 _ 12 【优质资源‖关注：cunWorkNotes 解锁】.pdf",".pdf","1182414","2026-08-18 14:58:34","待人工归类","待内容核验","D:\整体视频流程重建\资料库\原始资料\知乎付费1090篇合集 - 精选知乎各领域的深度好文\知乎盐选 _ 12 【优质资源‖关注：cunWorkNotes 解锁】.pdf"
"MAT-0673","知乎盐选 _ 备考三步走：制订计划——安排复习——题.pdf",".pdf","1116790","2026-08-18 14:58:35","待人工归类","待内容核验","D:\整体视频流程重建\资料库\原始资料\知乎付费1090篇合集 - 精选知乎各领域的深度好文\知乎盐选 _ 备考三步走：制订计划——安排复习——题.pdf"
"MAT-0674","知乎盐选 _ 别做一个新时代「杠精」.pdf",".pdf","750015","2026-08-18 14:58:35","待人工归类","待内容核验","D:\整体视频流程重建\资料库\原始资料\知乎付费1090篇合集 - 精选知乎各领域的深度好文\知乎盐选 _ 别做一个新时代「杠精」.pdf"
"MAT-0675","知乎盐选 _ 不被祖国承认的远东间谍之王.pdf",".pdf","726618","2026-08-18 14:58:34","待人工归类","待内容核验","D:\整体视频流程重建\资料库\原始资料\知乎付费1090篇合集 - 精选知乎各领域的深度好文\知乎盐选 _ 不被祖国承认的远东间谍之王.pdf"
"MAT-0676","知乎盐选 _ 不思安.pdf",".pdf","870500","2026-08-18 14:58:35","待人工归类","待内容核验","D:\整体视频流程重建\资料库\原始资料\知乎付费1090篇合集 - 精选知乎各领域的深度好文\知乎盐选 _ 不思安.pdf"
"MAT-0677","知乎盐选 _ 不在原文记录里的神秘男子.pdf",".pdf","1142524","2026-08-18 14:58:35","待人工归类","待内容核验","D:\整体视频流程重建\资料库\原始资料\知乎付费1090篇合集 - 精选知乎各领域的深度好文\知乎盐选 _ 不在原文记录里的神秘男子.pdf"
"MAT-0678","知乎盐选 _ 不在原文记录里的神秘子.pdf",".pdf","1142524","2026-08-18 14:58:36","待人工归类","待内容核验","D:\整体视频流程重建\资料库\原始资料\知乎付费1090篇合集 - 精选知乎各领域的深度好文\知乎盐选 _ 不在原文记录里的神秘子.pdf"
"MAT-0679","知乎盐选 _ 产品风险管理【耗时整理‖不易且全免费：cunlOve.cn】.pdf",".pdf","621437","2026-08-18 14:58:36","商业与产品","待内容核验","D:\整体视频流程重建\资料库\原始资料\知乎付费1090篇合集 - 精选知乎各领域的深度好文\知乎盐选 _ 产品风险管理【耗时整理‖不易且全免费：cunlOve.cn】.pdf"
"MAT-0680","知乎盐选 _ 产品经理精神篇——哪些品质，助产品经理走得更远？.pdf",".pdf","683639","2026-08-18 14:58:36","商业与产品","待内容核验","D:\整体视频流程重建\资料库\原始资料\知乎付费1090篇合集 - 精选知乎各领域的深度好文\知乎盐选 _ 产品经理精神篇——哪些品质，助产品经理走得更远？.pdf"
"MAT-0681","知乎盐选 _ 产品设计之美.pdf",".pdf","1608426","2026-08-18 14:58:36","商业与产品","待内容核验","D:\整体视频流程重建\资料库\原始资料\知乎付费1090篇合集 - 精选知乎各领域的深度好文\知乎盐选 _ 产品设计之美.pdf"
"MAT-0682","知乎盐选 _ 吃电话号码的小贼.pdf",".pdf","422680","2026-08-18 14:58:36","待人工归类","待内容核验","D:\整体视频流程重建\资料库\原始资料\知乎付费1090篇合集 - 精选知乎各领域的深度好文\知乎盐选 _ 吃电话号码的小贼.pdf"
"MAT-0683","知乎盐选 _ 冲喜之将军妻.pdf",".pdf","1468279","2026-08-18 14:58:38","待人工归类","待内容核验","D:\整体视频流程重建\资料库\原始资料\知乎付费1090篇合集 - 精选知乎各领域的深度好文\知乎盐选 _ 冲喜之将军妻.pdf"
"MAT-0684","知乎盐选 _ 出现了！神识中的师父.pdf",".pdf","1141769","2026-08-18 14:58:37","待人工归类","待内容核验","D:\整体视频流程重建\资料库\原始资料\知乎付费1090篇合集 - 精选知乎各领域的深度好文\知乎盐选 _ 出现了！神识中的师父.pdf"
"MAT-0685","知乎盐选 _ 刺琴.pdf",".pdf","1111537","2026-08-18 14:58:37","待人工归类","待内容核验","D:\整体视频流程重建\资料库\原始资料\知乎付费1090篇合集 - 精选知乎各领域的深度好文\知乎盐选 _ 刺琴.pdf"
"MAT-0686","知乎盐选 _ 刺琴(20210505112826).pdf",".pdf","1111537","2026-08-18 14:58:36","待人工归类","待内容核验","D:\整体视频流程重建\资料库\原始资料\知乎付费1090篇合集 - 精选知乎各领域的深度好文\知乎盐选 _ 刺琴(20210505112826).pdf"
"MAT-0687","知乎盐选 _ 从此以后，我再也不吃黄焖鸡.pdf",".pdf","684517","2026-08-18 14:58:36","待人工归类","待内容核验","D:\整体视频流程重建\资料库\原始资料\知乎付费1090篇合集 - 精选知乎各领域的深度好文\知乎盐选 _ 从此以后，我再也不吃黄焖鸡.pdf"
"MAT-0688","知乎盐选 _ 大妈为何尿失禁.pdf",".pdf","447720","2026-08-18 14:58:38","待人工归类","待内容核验","D:\整体视频流程重建\资料库\原始资料\知乎付费1090篇合集 - 精选知乎各领域的深度好文\知乎盐选 _ 大妈为何尿失禁.pdf"
"MAT-0689","知乎盐选 _ 大学生深入传销组织——救赎.pdf",".pdf","1736836","2026-08-18 14:58:38","待人工归类","待内容核验","D:\整体视频流程重建\资料库\原始资料\知乎付费1090篇合集 - 精选知乎各领域的深度好文\知乎盐选 _ 大学生深入传销组织——救赎.pdf"
"MAT-0690","知乎盐选 _ 大缘宝殿.pdf",".pdf","1183943","2026-08-18 14:58:38","待人工归类","待内容核验","D:\整体视频流程重建\资料库\原始资料\知乎付费1090篇合集 - 精选知乎各领域的深度好文\知乎盐选 _ 大缘宝殿.pdf"
"MAT-0691","知乎盐选 _ 单副本之行，启动【花费时间‖免费获取：cunLove.cn】.pdf",".pdf","978680","2026-08-18 14:58:38","待人工归类","待内容核验","D:\整体视频流程重建\资料库\原始资料\知乎付费1090篇合集 - 精选知乎各领域的深度好文\知乎盐选 _ 单副本之行，启动【花费时间‖免费获取：cunLove.cn】.pdf"
"MAT-0692","知乎盐选 _ 单刷副本之行，启动【持续更新‖免费提供：CunworknoteS】.pdf",".pdf","978680","2026-08-18 14:58:38","待人工归类","待内容核验","D:\整体视频流程重建\资料库\原始资料\知乎付费1090篇合集 - 精选知乎各领域的深度好文\知乎盐选 _ 单刷副本之行，启动【持续更新‖免费提供：CunworknoteS】.pdf"
"MAT-0693","知乎盐选 _ 地理：如何学好高中地理？.pdf",".pdf","4585148","2026-08-18 14:58:38","待人工归类","待内容核验","D:\整体视频流程重建\资料库\原始资料\知乎付费1090篇合集 - 精选知乎各领域的深度好文\知乎盐选 _ 地理：如何学好高中地理？.pdf"
"MAT-0694","知乎盐选 _ 低等动物.pdf",".pdf","941755","2026-08-18 14:58:37","待人工归类","待内容核验","D:\整体视频流程重建\资料库\原始资料\知乎付费1090篇合集 - 精选知乎各领域的深度好文\知乎盐选 _ 低等动物.pdf"
"MAT-0695","知乎盐选 _ 多舛.pdf",".pdf","1646722","2026-08-18 14:58:37","待人工归类","待内容核验","D:\整体视频流程重建\资料库\原始资料\知乎付费1090篇合集 - 精选知乎各领域的深度好文\知乎盐选 _ 多舛.pdf"
"MAT-0696","知乎盐选 _ 二：苏亦清.pdf",".pdf","556515","2026-08-18 14:58:39","待人工归类","待内容核验","D:\整体视频流程重建\资料库\原始资料\知乎付费1090篇合集 - 精选知乎各领域的深度好文\知乎盐选 _ 二：苏亦清.pdf"
"MAT-0697","知乎盐选 _ 发掘优势，确定产品定位【不易整理‖请关注：CunWorkNoteS】.pdf",".pdf","648178","2026-08-18 14:58:39","商业与产品","待内容核验","D:\整体视频流程重建\资料库\原始资料\知乎付费1090篇合集 - 精选知乎各领域的深度好文\知乎盐选 _ 发掘优势，确定产品定位【不易整理‖请关注：CunWorkNoteS】.pdf"
"MAT-0698","知乎盐选 _ 发刊词：产品能力人人必备【公重号：CunWorkNotes】.pdf",".pdf","745901","2026-08-18 14:58:39","商业与产品","待内容核验","D:\整体视频流程重建\资料库\原始资料\知乎付费1090篇合集 - 精选知乎各领域的深度好文\知乎盐选 _ 发刊词：产品能力人人必备【公重号：CunWorkNotes】.pdf"
"MAT-0699","知乎盐选 _ 发刊词：从来也没什么「明星抗癌食物」.pdf",".pdf","345031","2026-08-18 14:58:39","待人工归类","待内容核验","D:\整体视频流程重建\资料库\原始资料\知乎付费1090篇合集 - 精选知乎各领域的深度好文\知乎盐选 _ 发刊词：从来也没什么「明星抗癌食物」.pdf"
"MAT-0700","知乎盐选 _ 分析市场竞争格局.pdf",".pdf","715710","2026-08-18 14:58:40","商业与产品","待内容核验","D:\整体视频流程重建\资料库\原始资料\知乎付费1090篇合集 - 精选知乎各领域的深度好文\知乎盐选 _ 分析市场竞争格局.pdf"
"MAT-0701","知乎盐选 _ 哥哥.pdf",".pdf","1333073","2026-08-18 14:58:40","待人工归类","待内容核验","D:\整体视频流程重建\资料库\原始资料\知乎付费1090篇合集 - 精选知乎各领域的深度好文\知乎盐选 _ 哥哥.pdf"
"MAT-0702","知乎盐选 _ 关于废柴的我如何拯救娘亲（上）【整理不易‖免费奉上：cuNlove.cn】.pdf",".pdf","2994155","2026-08-18 14:58:40","待人工归类","待内容核验","D:\整体视频流程重建\资料库\原始资料\知乎付费1090篇合集 - 精选知乎各领域的深度好文\知乎盐选 _ 关于废柴的我如何拯救娘亲（上）【整理不易‖免费奉上：cuNlove.cn】.pdf"
"MAT-0703","知乎盐选 _ 关于废柴的我如何拯救娘亲（下）【优质合集‖免费获取：cunlove.cN】.pdf",".pdf","4654578","2026-08-18 14:58:40","待人工归类","待内容核验","D:\整体视频流程重建\资料库\原始资料\知乎付费1090篇合集 - 精选知乎各领域的深度好文\知乎盐选 _ 关于废柴的我如何拯救娘亲（下）【优质合集‖免费获取：cunlove.cN】.pdf"
"MAT-0704","知乎盐选 _ 回天乏术.pdf",".pdf","652077","2026-08-18 14:58:40","待人工归类","待内容核验","D:\整体视频流程重建\资料库\原始资料\知乎付费1090篇合集 - 精选知乎各领域的深度好文\知乎盐选 _ 回天乏术.pdf"
"MAT-0705","知乎盐选 _ 佳人在侧【耗时整理‖不易且全免费：cunlOve.cn】.pdf",".pdf","1285169","2026-08-18 14:58:40","待人工归类","待内容核验","D:\整体视频流程重建\资料库\原始资料\知乎付费1090篇合集 - 精选知乎各领域的深度好文\知乎盐选 _ 佳人在侧【耗时整理‖不易且全免费：cunlOve.cn】.pdf"
"MAT-0706","知乎盐选 _ 今天我被迫和亲了吗？.pdf",".pdf","616043","2026-08-18 14:58:40","待人工归类","待内容核验","D:\整体视频流程重建\资料库\原始资料\知乎付费1090篇合集 - 精选知乎各领域的深度好文\知乎盐选 _ 今天我被迫和亲了吗？.pdf"
"MAT-0707","知乎盐选 _ 今天我当上太后了吗？.pdf",".pdf","750488","2026-08-18 14:58:41","待人工归类","待内容核验","D:\整体视频流程重建\资料库\原始资料\知乎付费1090篇合集 - 精选知乎各领域的深度好文\知乎盐选 _ 今天我当上太后了吗？.pdf"
"MAT-0708","知乎盐选 _ 今天我给皇上下药成功了吗？.pdf",".pdf","531376","2026-08-18 14:58:41","待人工归类","待内容核验","D:\整体视频流程重建\资料库\原始资料\知乎付费1090篇合集 - 精选知乎各领域的深度好文\知乎盐选 _ 今天我给皇上下药成功了吗？.pdf"
"MAT-0709","知乎盐选 _ 今天我进宫了吗？.pdf",".pdf","536067","2026-08-18 14:58:41","待人工归类","待内容核验","D:\整体视频流程重建\资料库\原始资料\知乎付费1090篇合集 - 精选知乎各领域的深度好文\知乎盐选 _ 今天我进宫了吗？.pdf"
"MAT-0710","知乎盐选 _ 今天我抢着皇位了吗？.pdf",".pdf","583470","2026-08-18 14:58:41","待人工归类","待内容核验","D:\整体视频流程重建\资料库\原始资料\知乎付费1090篇合集 - 精选知乎各领域的深度好文\知乎盐选 _ 今天我抢着皇位了吗？.pdf"
"MAT-0711","知乎盐选 _ 今天我造反了吗？【优质资源‖关注：cunWorkNotes 解锁】.pdf",".pdf","776058","2026-08-18 14:58:41","待人工归类","待内容核验","D:\整体视频流程重建\资料库\原始资料\知乎付费1090篇合集 - 精选知乎各领域的深度好文\知乎盐选 _ 今天我造反了吗？【优质资源‖关注：cunWorkNotes 解锁】.pdf"
"MAT-0712","知乎盐选 _ 刻意进行独白练习，找准表达风格.pdf",".pdf","302888","2026-08-18 14:58:42","职场与表达","待内容核验","D:\整体视频流程重建\资料库\原始资料\知乎付费1090篇合集 - 精选知乎各领域的深度好文\知乎盐选 _ 刻意进行独白练习，找准表达风格.pdf"
"MAT-0713","知乎盐选 _ 困兽.pdf",".pdf","4274072","2026-08-18 14:58:42","待人工归类","待内容核验","D:\整体视频流程重建\资料库\原始资料\知乎付费1090篇合集 - 精选知乎各领域的深度好文\知乎盐选 _ 困兽.pdf"
"MAT-0714","知乎盐选 _ 困兽（番外）.pdf",".pdf","405168","2026-08-18 14:58:41","待人工归类","待内容核验","D:\整体视频流程重建\资料库\原始资料\知乎付费1090篇合集 - 精选知乎各领域的深度好文\知乎盐选 _ 困兽（番外）.pdf"
"MAT-0715","知乎盐选 _ 历史：高考历史如何高效提分.pdf",".pdf","1247442","2026-08-18 14:58:42","故事与案例","待内容核验","D:\整体视频流程重建\资料库\原始资料\知乎付费1090篇合集 - 精选知乎各领域的深度好文\知乎盐选 _ 历史：高考历史如何高效提分.pdf"
"MAT-0716","知乎盐选 _ 临渊和煦【手动整理‖：cunlove.Cn】.pdf",".pdf","7006067","2026-08-18 14:58:42","待人工归类","待内容核验","D:\整体视频流程重建\资料库\原始资料\知乎付费1090篇合集 - 精选知乎各领域的深度好文\知乎盐选 _ 临渊和煦【手动整理‖：cunlove.Cn】.pdf"
"MAT-0717","知乎盐选 _ 买股票前，你真的了解『大盘』和『股票手续费』吗？.pdf",".pdf","694186","2026-08-18 14:58:42","商业与产品；财富与消费","待内容核验","D:\整体视频流程重建\资料库\原始资料\知乎付费1090篇合集 - 精选知乎各领域的深度好文\知乎盐选 _ 买股票前，你真的了解『大盘』和『股票手续费』吗？.pdf"
"MAT-0718","知乎盐选 _ 买凶人【整理不易‖记得关注：CunWorKNotes】.pdf",".pdf","1593071","2026-08-18 14:58:42","待人工归类","待内容核验","D:\整体视频流程重建\资料库\原始资料\知乎付费1090篇合集 - 精选知乎各领域的深度好文\知乎盐选 _ 买凶人【整理不易‖记得关注：CunWorKNotes】.pdf"
"MAT-0719","知乎盐选 _ 你爱谁我就杀谁.pdf",".pdf","1156198","2026-08-18 14:58:43","待人工归类","待内容核验","D:\整体视频流程重建\资料库\原始资料\知乎付费1090篇合集 - 精选知乎各领域的深度好文\知乎盐选 _ 你爱谁我就杀谁.pdf"
"MAT-0720","知乎盐选 _ 你吃过衢州烧饼吗？.pdf",".pdf","731350","2026-08-18 14:58:43","待人工归类","待内容核验","D:\整体视频流程重建\资料库\原始资料\知乎付费1090篇合集 - 精选知乎各领域的深度好文\知乎盐选 _ 你吃过衢州烧饼吗？.pdf"
"MAT-0721","知乎盐选 _ 你的钱流向哪，你的人生就走向哪.pdf",".pdf","933016","2026-08-18 14:58:43","待人工归类","待内容核验","D:\整体视频流程重建\资料库\原始资料\知乎付费1090篇合集 - 精选知乎各领域的深度好文\知乎盐选 _ 你的钱流向哪，你的人生就走向哪.pdf"
"MAT-0722","知乎盐选 _ 你的学习是否只是一场行为艺术？.pdf",".pdf","1789012","2026-08-18 14:58:43","认知与思维","待内容核验","D:\整体视频流程重建\资料库\原始资料\知乎付费1090篇合集 - 精选知乎各领域的深度好文\知乎盐选 _ 你的学习是否只是一场行为艺术？.pdf"
"MAT-0723","知乎盐选 _ 你对生活的空虚感和无意义感来自何处？.pdf",".pdf","908165","2026-08-18 14:58:43","待人工归类","待内容核验","D:\整体视频流程重建\资料库\原始资料\知乎付费1090篇合集 - 精选知乎各领域的深度好文\知乎盐选 _ 你对生活的空虚感和无意义感来自何处？.pdf"
"MAT-0724","知乎盐选 _ 你还在这样喝酒吗？快停下吧.pdf",".pdf","412269","2026-08-18 14:58:43","待人工归类","待内容核验","D:\整体视频流程重建\资料库\原始资料\知乎付费1090篇合集 - 精选知乎各领域的深度好文\知乎盐选 _ 你还在这样喝酒吗？快停下吧.pdf"
"MAT-0725","知乎盐选 _ 你能读懂用户的心吗——4 种方法，让你像小马哥一样能秒变傻瓜用户.pdf",".pdf","1742885","2026-08-18 14:58:44","商业与产品","待内容核验","D:\整体视频流程重建\资料库\原始资料\知乎付费1090篇合集 - 精选知乎各领域的深度好文\知乎盐选 _ 你能读懂用户的心吗——4 种方法，让你像小马哥一样能秒变傻瓜用户.pdf"
"MAT-0726","知乎盐选 _ 你是个好鬼.pdf",".pdf","626693","2026-08-18 14:58:44","待人工归类","待内容核验","D:\整体视频流程重建\资料库\原始资料\知乎付费1090篇合集 - 精选知乎各领域的深度好文\知乎盐选 _ 你是个好鬼.pdf"
"MAT-0727","知乎盐选 _ 七分天理【持续更新‖免费提供：CunworknoteS】.pdf",".pdf","747305","2026-08-18 14:58:44","待人工归类","待内容核验","D:\整体视频流程重建\资料库\原始资料\知乎付费1090篇合集 - 精选知乎各领域的深度好文\知乎盐选 _ 七分天理【持续更新‖免费提供：CunworknoteS】.pdf"
"MAT-0728","知乎盐选 _ 七日醉.pdf",".pdf","1194139","2026-08-18 14:58:34","待人工归类","待内容核验","D:\整体视频流程重建\资料库\原始资料\知乎付费1090篇合集 - 精选知乎各领域的深度好文\知乎盐选 _ 七日醉.pdf"
"MAT-0729","知乎盐选 _ 奇术【手动整理‖：cunlove.Cn】.pdf",".pdf","1902690","2026-08-18 14:58:45","待人工归类","待内容核验","D:\整体视频流程重建\资料库\原始资料\知乎付费1090篇合集 - 精选知乎各领域的深度好文\知乎盐选 _ 奇术【手动整理‖：cunlove.Cn】.pdf"
"MAT-0730","知乎盐选 _ 企业所得税纳税筹划【精挑细选‖免费提供：cunlovE.cn】.pdf",".pdf","345253","2026-08-18 14:58:45","商业与产品","待内容核验","D:\整体视频流程重建\资料库\原始资料\知乎付费1090篇合集 - 精选知乎各领域的深度好文\知乎盐选 _ 企业所得税纳税筹划【精挑细选‖免费提供：cunlovE.cn】.pdf"
"MAT-0731","知乎盐选 _ 前尘往事都罢.pdf",".pdf","840655","2026-08-18 14:58:44","待人工归类","待内容核验","D:\整体视频流程重建\资料库\原始资料\知乎付费1090篇合集 - 精选知乎各领域的深度好文\知乎盐选 _ 前尘往事都罢.pdf"
"MAT-0732","知乎盐选 _ 前任兄弟是绿茶.pdf",".pdf","1497944","2026-08-18 14:58:45","待人工归类","待内容核验","D:\整体视频流程重建\资料库\原始资料\知乎付费1090篇合集 - 精选知乎各领域的深度好文\知乎盐选 _ 前任兄弟是绿茶.pdf"
"MAT-0733","知乎盐选 _ 亲热解毒 (2)【花费时间‖：cunLove.cn】.pdf",".pdf","5766168","2026-08-18 14:58:44","待人工归类","待内容核验","D:\整体视频流程重建\资料库\原始资料\知乎付费1090篇合集 - 精选知乎各领域的深度好文\知乎盐选 _ 亲热解毒 (2)【花费时间‖：cunLove.cn】.pdf"
"MAT-0734","知乎盐选 _ 亲热解毒（番外）.pdf",".pdf","292612","2026-08-18 14:58:44","待人工归类","待内容核验","D:\整体视频流程重建\资料库\原始资料\知乎付费1090篇合集 - 精选知乎各领域的深度好文\知乎盐选 _ 亲热解毒（番外）.pdf"
"MAT-0735","知乎盐选 _ 亲热解毒【花费时间‖：cunLove.cn】.pdf",".pdf","1334187","2026-08-18 14:58:44","待人工归类","待内容核验","D:\整体视频流程重建\资料库\原始资料\知乎付费1090篇合集 - 精选知乎各领域的深度好文\知乎盐选 _ 亲热解毒【花费时间‖：cunLove.cn】.pdf"
"MAT-0736","知乎盐选 _ 人间「狐狸精」：帝国之花南造云子【不易整理‖请关注：CunWorkNoteS】.pdf",".pdf","764793","2026-08-18 14:58:46","待人工归类","待内容核验","D:\整体视频流程重建\资料库\原始资料\知乎付费1090篇合集 - 精选知乎各领域的深度好文\知乎盐选 _ 人间「狐狸精」：帝国之花南造云子【不易整理‖请关注：CunWorkNoteS】.pdf"
"MAT-0737","知乎盐选 _ 人间多眷侣.pdf",".pdf","912173","2026-08-18 14:58:45","待人工归类","待内容核验","D:\整体视频流程重建\资料库\原始资料\知乎付费1090篇合集 - 精选知乎各领域的深度好文\知乎盐选 _ 人间多眷侣.pdf"
"MAT-0738","知乎盐选 _ 人匠.pdf",".pdf","946197","2026-08-18 14:58:45","待人工归类","待内容核验","D:\整体视频流程重建\资料库\原始资料\知乎付费1090篇合集 - 精选知乎各领域的深度好文\知乎盐选 _ 人匠.pdf"
"MAT-0739","知乎盐选 _ 人匠(20210505112828).pdf",".pdf","946197","2026-08-18 14:58:45","待人工归类","待内容核验","D:\整体视频流程重建\资料库\原始资料\知乎付费1090篇合集 - 精选知乎各领域的深度好文\知乎盐选 _ 人匠(20210505112828).pdf"
"MAT-0740","知乎盐选 _ 人生是多米诺骨牌.pdf",".pdf","429331","2026-08-18 14:58:46","待人工归类","待内容核验","D:\整体视频流程重建\资料库\原始资料\知乎付费1090篇合集 - 精选知乎各领域的深度好文\知乎盐选 _ 人生是多米诺骨牌.pdf"
"MAT-0741","知乎盐选 _ 三：时羽.pdf",".pdf","1159522","2026-08-18 14:58:48","待人工归类","待内容核验","D:\整体视频流程重建\资料库\原始资料\知乎付费1090篇合集 - 精选知乎各领域的深度好文\知乎盐选 _ 三：时羽.pdf"
"MAT-0742","知乎盐选 _ 上帝的复仇：一个国家的疯狂报复.pdf",".pdf","722307","2026-08-18 14:58:46","待人工归类","待内容核验","D:\整体视频流程重建\资料库\原始资料\知乎付费1090篇合集 - 精选知乎各领域的深度好文\知乎盐选 _ 上帝的复仇：一个国家的疯狂报复.pdf"
"MAT-0743","知乎盐选 _ 上市公司财务报表分析.pdf",".pdf","460559","2026-08-18 14:58:47","商业与产品","待内容核验","D:\整体视频流程重建\资料库\原始资料\知乎付费1090篇合集 - 精选知乎各领域的深度好文\知乎盐选 _ 上市公司财务报表分析.pdf"
"MAT-0744","知乎盐选 _ 什么都没有，只有一条命.pdf",".pdf","1094162","2026-08-18 14:58:46","待人工归类","待内容核验","D:\整体视频流程重建\资料库\原始资料\知乎付费1090篇合集 - 精选知乎各领域的深度好文\知乎盐选 _ 什么都没有，只有一条命.pdf"
"MAT-0745","知乎盐选 _ 什么是产品？什么是产品经理？——附腾讯产品经理能力模型.pdf",".pdf","1140349","2026-08-18 14:58:46","商业与产品","待内容核验","D:\整体视频流程重建\资料库\原始资料\知乎付费1090篇合集 - 精选知乎各领域的深度好文\知乎盐选 _ 什么是产品？什么是产品经理？——附腾讯产品经理能力模型.pdf"
"MAT-0746","知乎盐选 _ 什么样的人，最有可能碌碌无为？.pdf",".pdf","751481","2026-08-18 14:58:47","认知与思维","待内容核验","D:\整体视频流程重建\资料库\原始资料\知乎付费1090篇合集 - 精选知乎各领域的深度好文\知乎盐选 _ 什么样的人，最有可能碌碌无为？.pdf"
"MAT-0747","知乎盐选 _ 剩饭当中隐藏的不定时炸弹.pdf",".pdf","265849","2026-08-18 14:58:46","待人工归类","待内容核验","D:\整体视频流程重建\资料库\原始资料\知乎付费1090篇合集 - 精选知乎各领域的深度好文\知乎盐选 _ 剩饭当中隐藏的不定时炸弹.pdf"
"MAT-0748","知乎盐选 _ 事已至此.pdf",".pdf","653805","2026-08-18 14:58:47","待人工归类","待内容核验","D:\整体视频流程重建\资料库\原始资料\知乎付费1090篇合集 - 精选知乎各领域的深度好文\知乎盐选 _ 事已至此.pdf"
"MAT-0749","知乎盐选 _ 四：别亦难 (1).pdf",".pdf","1190218","2026-08-18 14:58:47","待人工归类","待内容核验","D:\整体视频流程重建\资料库\原始资料\知乎付费1090篇合集 - 精选知乎各领域的深度好文\知乎盐选 _ 四：别亦难 (1).pdf"
"MAT-0750","知乎盐选 _ 四：别亦难【资源精选‖更多关注：CunworkNotes】.pdf",".pdf","1190218","2026-08-18 14:58:47","待人工归类","待内容核验","D:\整体视频流程重建\资料库\原始资料\知乎付费1090篇合集 - 精选知乎各领域的深度好文\知乎盐选 _ 四：别亦难【资源精选‖更多关注：CunworkNotes】.pdf"
"MAT-0751","知乎盐选 _ 他坚守气节客死他乡，却为何还是背了「千古骂名」？.pdf",".pdf","5947946","2026-08-18 14:58:48","待人工归类","待内容核验","D:\整体视频流程重建\资料库\原始资料\知乎付费1090篇合集 - 精选知乎各领域的深度好文\知乎盐选 _ 他坚守气节客死他乡，却为何还是背了「千古骂名」？.pdf"
"MAT-0752","知乎盐选 _ 他就是天道？！.pdf",".pdf","1225038","2026-08-18 14:58:49","待人工归类","待内容核验","D:\整体视频流程重建\资料库\原始资料\知乎付费1090篇合集 - 精选知乎各领域的深度好文\知乎盐选 _ 他就是天道？！.pdf"
"MAT-0753","知乎盐选 _ 唐突了，是我混账【手动整理‖：cunlove.Cn】.pdf",".pdf","1365778","2026-08-18 14:58:49","待人工归类","待内容核验","D:\整体视频流程重建\资料库\原始资料\知乎付费1090篇合集 - 精选知乎各领域的深度好文\知乎盐选 _ 唐突了，是我混账【手动整理‖：cunlove.Cn】.pdf"
"MAT-0754","知乎盐选 _ 天道的真实身份.pdf",".pdf","1131119","2026-08-18 14:58:48","故事与案例","待内容核验","D:\整体视频流程重建\资料库\原始资料\知乎付费1090篇合集 - 精选知乎各领域的深度好文\知乎盐选 _ 天道的真实身份.pdf"
"MAT-0755","知乎盐选 _ 天哪！我被困在了同一天【耗时整理‖免费分享：Cunlove.cn】.pdf",".pdf","545298","2026-08-18 14:58:48","待人工归类","待内容核验","D:\整体视频流程重建\资料库\原始资料\知乎付费1090篇合集 - 精选知乎各领域的深度好文\知乎盐选 _ 天哪！我被困在了同一天【耗时整理‖免费分享：Cunlove.cn】.pdf"
"MAT-0756","知乎盐选 _ 天上飞来一个箱子，我们开始进化也开始死去.pdf",".pdf","403077","2026-08-18 14:58:49","待人工归类","待内容核验","D:\整体视频流程重建\资料库\原始资料\知乎付费1090篇合集 - 精选知乎各领域的深度好文\知乎盐选 _ 天上飞来一个箱子，我们开始进化也开始死去.pdf"
"MAT-0757","知乎盐选 _ 天庭往事（上）【精挑细选‖免费提供：cunlovE.cn】.pdf",".pdf","571218","2026-08-18 14:58:49","待人工归类","待内容核验","D:\整体视频流程重建\资料库\原始资料\知乎付费1090篇合集 - 精选知乎各领域的深度好文\知乎盐选 _ 天庭往事（上）【精挑细选‖免费提供：cunlovE.cn】.pdf"
"MAT-0758","知乎盐选 _ 天下武功，唯快不破.pdf",".pdf","9374632","2026-08-18 14:58:58","待人工归类","待内容核验","D:\整体视频流程重建\资料库\原始资料\知乎付费1090篇合集 - 精选知乎各领域的深度好文\知乎盐选 _ 天下武功，唯快不破.pdf"
"MAT-0759","知乎盐选 _ 同辉药堂.pdf",".pdf","1340992","2026-08-18 14:58:48","待人工归类","待内容核验","D:\整体视频流程重建\资料库\原始资料\知乎付费1090篇合集 - 精选知乎各领域的深度好文\知乎盐选 _ 同辉药堂.pdf"
"MAT-0760","知乎盐选 _ 同心共建闽宁镇.pdf",".pdf","977455","2026-08-18 14:58:49","待人工归类","待内容核验","D:\整体视频流程重建\资料库\原始资料\知乎付费1090篇合集 - 精选知乎各领域的深度好文\知乎盐选 _ 同心共建闽宁镇.pdf"
"MAT-0761","知乎盐选 _ 万年的三界战场里究竟有什么【耗时整理‖免费分享：Cunlove.cn】.pdf",".pdf","1187251","2026-08-18 14:58:49","待人工归类","待内容核验","D:\整体视频流程重建\资料库\原始资料\知乎付费1090篇合集 - 精选知乎各领域的深度好文\知乎盐选 _ 万年的三界战场里究竟有什么【耗时整理‖免费分享：Cunlove.cn】.pdf"
"MAT-0762","知乎盐选 _ 为了娃上国际学校，我全家搬到了泰国【更多精选‖公众号：CunWorknotes】  -d7c3fe21ec1e.pdf.qkdownloading",".qkdownloading","0","2026-08-18 14:58:57","待人工归类","未完成下载","D:\整体视频流程重建\资料库\原始资料\知乎付费1090篇合集 - 精选知乎各领域的深度好文\知乎盐选 _ 为了娃上国际学校，我全家搬到了泰国【更多精选‖公众号：CunWorknotes】  -d7c3fe21ec1e.pdf.qkdownloading"
"MAT-0763","知乎盐选 _ 为什么你总是听不进那些对你有用的建议？【公重号：CunWorkNotes】.pdf",".pdf","1024436","2026-08-18 14:58:49","待人工归类","待内容核验","D:\整体视频流程重建\资料库\原始资料\知乎付费1090篇合集 - 精选知乎各领域的深度好文\知乎盐选 _ 为什么你总是听不进那些对你有用的建议？【公重号：CunWorkNotes】.pdf"
"MAT-0764","知乎盐选 _ 为什么说人越聪明就越平庸？.pdf",".pdf","2413529","2026-08-18 14:58:49","认知与思维","待内容核验","D:\整体视频流程重建\资料库\原始资料\知乎付费1090篇合集 - 精选知乎各领域的深度好文\知乎盐选 _ 为什么说人越聪明就越平庸？.pdf"
"MAT-0765","知乎盐选 _ 味儿太冲了.pdf",".pdf","974008","2026-08-18 14:58:49","待人工归类","待内容核验","D:\整体视频流程重建\资料库\原始资料\知乎付费1090篇合集 - 精选知乎各领域的深度好文\知乎盐选 _ 味儿太冲了.pdf"
"MAT-0766","知乎盐选 _ 先躺好，本君再告诉你.pdf",".pdf","1377083","2026-08-18 14:58:49","待人工归类","待内容核验","D:\整体视频流程重建\资料库\原始资料\知乎付费1090篇合集 - 精选知乎各领域的深度好文\知乎盐选 _ 先躺好，本君再告诉你.pdf"
"MAT-0767","知乎盐选 _ 向虚伪的正道人士开战.pdf",".pdf","1172803","2026-08-18 14:58:50","待人工归类","待内容核验","D:\整体视频流程重建\资料库\原始资料\知乎付费1090篇合集 - 精选知乎各领域的深度好文\知乎盐选 _ 向虚伪的正道人士开战.pdf"
"MAT-0768","知乎盐选 _ 写在前面：后位上的博弈.pdf",".pdf","530134","2026-08-18 14:58:50","待人工归类","待内容核验","D:\整体视频流程重建\资料库\原始资料\知乎付费1090篇合集 - 精选知乎各领域的深度好文\知乎盐选 _ 写在前面：后位上的博弈.pdf"
"MAT-0769","知乎盐选 _ 凶手不止一个.pdf",".pdf","798968","2026-08-18 14:58:49","待人工归类","待内容核验","D:\整体视频流程重建\资料库\原始资料\知乎付费1090篇合集 - 精选知乎各领域的深度好文\知乎盐选 _ 凶手不止一个.pdf"
"MAT-0770","知乎盐选 _ 一 (1)【手动整理‖：cunlove.Cn】.pdf",".pdf","564793","2026-08-18 14:58:34","待人工归类","待内容核验","D:\整体视频流程重建\资料库\原始资料\知乎付费1090篇合集 - 精选知乎各领域的深度好文\知乎盐选 _ 一 (1)【手动整理‖：cunlove.Cn】.pdf"
"MAT-0771","知乎盐选 _ 一：相见难.pdf",".pdf","1523269","2026-08-18 14:58:50","待人工归类","待内容核验","D:\整体视频流程重建\资料库\原始资料\知乎付费1090篇合集 - 精选知乎各领域的深度好文\知乎盐选 _ 一：相见难.pdf"
"MAT-0772","知乎盐选 _ 一.pdf",".pdf","1862919","2026-08-18 14:58:34","待人工归类","待内容核验","D:\整体视频流程重建\资料库\原始资料\知乎付费1090篇合集 - 精选知乎各领域的深度好文\知乎盐选 _ 一.pdf"
"MAT-0773","知乎盐选 _ 一个年化收益 20%  的低风险投资法.pdf",".pdf","2538181","2026-08-18 14:58:50","商业与产品；财富与消费","待内容核验","D:\整体视频流程重建\资料库\原始资料\知乎付费1090篇合集 - 精选知乎各领域的深度好文\知乎盐选 _ 一个年化收益 20%  的低风险投资法.pdf"
"MAT-0774","知乎盐选 _ 一个月通过大学英语四、六级.pdf",".pdf","907790","2026-08-18 14:58:50","待人工归类","待内容核验","D:\整体视频流程重建\资料库\原始资料\知乎付费1090篇合集 - 精选知乎各领域的深度好文\知乎盐选 _ 一个月通过大学英语四、六级.pdf"
"MAT-0775","知乎盐选 _ 一墙之隔：我的未婚妻在地震夜回魂.pdf",".pdf","804299","2026-08-18 14:58:50","待人工归类","待内容核验","D:\整体视频流程重建\资料库\原始资料\知乎付费1090篇合集 - 精选知乎各领域的深度好文\知乎盐选 _ 一墙之隔：我的未婚妻在地震夜回魂.pdf"
"MAT-0776","知乎盐选 _ 一树梨花压海棠.pdf",".pdf","1624016","2026-08-18 14:58:50","待人工归类","待内容核验","D:\整体视频流程重建\资料库\原始资料\知乎付费1090篇合集 - 精选知乎各领域的深度好文\知乎盐选 _ 一树梨花压海棠.pdf"
"MAT-0777","知乎盐选 _ 一套抗癌食物的综合评分表【耗时整理‖ cunlove.cn】.pdf",".pdf","549330","2026-08-18 14:58:34","待人工归类","待内容核验","D:\整体视频流程重建\资料库\原始资料\知乎付费1090篇合集 - 精选知乎各领域的深度好文\知乎盐选 _ 一套抗癌食物的综合评分表【耗时整理‖ cunlove.cn】.pdf"
"MAT-0778","知乎盐选 _ 一张癌细胞发动袭击的预警表.pdf",".pdf","278704","2026-08-18 14:58:50","待人工归类","待内容核验","D:\整体视频流程重建\资料库\原始资料\知乎付费1090篇合集 - 精选知乎各领域的深度好文\知乎盐选 _ 一张癌细胞发动袭击的预警表.pdf"
"MAT-0779","知乎盐选 _ 一支口红试出人出轨了.pdf",".pdf","377175","2026-08-18 14:58:50","待人工归类","待内容核验","D:\整体视频流程重建\资料库\原始资料\知乎付费1090篇合集 - 精选知乎各领域的深度好文\知乎盐选 _ 一支口红试出人出轨了.pdf"
"MAT-0780","知乎盐选 _ 一只特立独行的丧尸.pdf",".pdf","640983","2026-08-18 14:58:50","待人工归类","待内容核验","D:\整体视频流程重建\资料库\原始资料\知乎付费1090篇合集 - 精选知乎各领域的深度好文\知乎盐选 _ 一只特立独行的丧尸.pdf"
"MAT-0781","知乎盐选 _ 以色侍人.pdf",".pdf","815196","2026-08-18 14:58:50","待人工归类","待内容核验","D:\整体视频流程重建\资料库\原始资料\知乎付费1090篇合集 - 精选知乎各领域的深度好文\知乎盐选 _ 以色侍人.pdf"
"MAT-0782","知乎盐选 _ 与顶流弟弟同居（番外）.pdf",".pdf","285690","2026-08-18 14:58:50","待人工归类","待内容核验","D:\整体视频流程重建\资料库\原始资料\知乎付费1090篇合集 - 精选知乎各领域的深度好文\知乎盐选 _ 与顶流弟弟同居（番外）.pdf"
"MAT-0783","知乎盐选 _ 与君绝.pdf",".pdf","1328499","2026-08-18 14:58:50","待人工归类","待内容核验","D:\整体视频流程重建\资料库\原始资料\知乎付费1090篇合集 - 精选知乎各领域的深度好文\知乎盐选 _ 与君绝.pdf"
"MAT-0784","知乎盐选 _ 云南食人魔「鸵鸟肉」杀人事件.pdf",".pdf","5883302","2026-08-18 14:58:50","待人工归类","待内容核验","D:\整体视频流程重建\资料库\原始资料\知乎付费1090篇合集 - 精选知乎各领域的深度好文\知乎盐选 _ 云南食人魔「鸵鸟肉」杀人事件.pdf"
"MAT-0785","知乎盐选 _ 再生变【优质资源‖关注：cunWorkNotes 解锁】.pdf",".pdf","761099","2026-08-18 14:58:50","待人工归类","待内容核验","D:\整体视频流程重建\资料库\原始资料\知乎付费1090篇合集 - 精选知乎各领域的深度好文\知乎盐选 _ 再生变【优质资源‖关注：cunWorkNotes 解锁】.pdf"
"MAT-0786","知乎盐选 _ 再遇.pdf",".pdf","1160295","2026-08-18 14:58:54","待人工归类","待内容核验","D:\整体视频流程重建\资料库\原始资料\知乎付费1090篇合集 - 精选知乎各领域的深度好文\知乎盐选 _ 再遇.pdf"
"MAT-0787","知乎盐选 _ 争吵.pdf",".pdf","1084678","2026-08-18 14:58:50","待人工归类","待内容核验","D:\整体视频流程重建\资料库\原始资料\知乎付费1090篇合集 - 精选知乎各领域的深度好文\知乎盐选 _ 争吵.pdf"
"MAT-0788","知乎盐选 _ 争宠要智取.pdf",".pdf","2671977","2026-08-18 14:58:50","待人工归类","待内容核验","D:\整体视频流程重建\资料库\原始资料\知乎付费1090篇合集 - 精选知乎各领域的深度好文\知乎盐选 _ 争宠要智取.pdf"
"MAT-0789","知乎盐选 _ 只屠为恶之人.pdf",".pdf","1451308","2026-08-18 14:58:51","待人工归类","待内容核验","D:\整体视频流程重建\资料库\原始资料\知乎付费1090篇合集 - 精选知乎各领域的深度好文\知乎盐选 _ 只屠为恶之人.pdf"
"MAT-0790","知乎盐选 _ 中国缉毒警：冰毒王国的覆灭【整理不易‖记得关注：CunWorKNotes】.pdf",".pdf","1476846","2026-08-18 14:58:50","待人工归类","待内容核验","D:\整体视频流程重建\资料库\原始资料\知乎付费1090篇合集 - 精选知乎各领域的深度好文\知乎盐选 _ 中国缉毒警：冰毒王国的覆灭【整理不易‖记得关注：CunWorKNotes】.pdf"
"MAT-0791","知乎盐选 _ 中文论文查重介绍及原理分析：为什么论文在知网会「标红一」？【良心整理‖免费获取：cunloVe.cn】.pdf",".pdf","1655324","2026-08-18 14:58:50","待人工归类","待内容核验","D:\整体视频流程重建\资料库\原始资料\知乎付费1090篇合集 - 精选知乎各领域的深度好文\知乎盐选 _ 中文论文查重介绍及原理分析：为什么论文在知网会「标红一」？【良心整理‖免费获取：cunloVe.cn】.pdf"
"MAT-0792","知乎盐选 _ 中文论文查重介绍及原理分析：为什么论文在知网会「标红一片」？【精挑细选‖免费提供：cunlovE.cn】.pdf",".pdf","1655324","2026-08-18 14:58:51","待人工归类","待内容核验","D:\整体视频流程重建\资料库\原始资料\知乎付费1090篇合集 - 精选知乎各领域的深度好文\知乎盐选 _ 中文论文查重介绍及原理分析：为什么论文在知网会「标红一片」？【精挑细选‖免费提供：cunlovE.cn】.pdf"
"MAT-0793","知乎盐选 _ 中文论文降重方法及案例分析：八个降重诀窍避免「无用功」【持续更新‖免费提供：CunworknoteS】.pdf",".pdf","2064928","2026-08-18 14:58:51","故事与案例","待内容核验","D:\整体视频流程重建\资料库\原始资料\知乎付费1090篇合集 - 精选知乎各领域的深度好文\知乎盐选 _ 中文论文降重方法及案例分析：八个降重诀窍避免「无用功」【持续更新‖免费提供：CunworknoteS】.pdf"
"MAT-0794","知乎盐选 _ 坠落纪元史.pdf",".pdf","487120","2026-08-18 14:58:50","待人工归类","待内容核验","D:\整体视频流程重建\资料库\原始资料\知乎付费1090篇合集 - 精选知乎各领域的深度好文\知乎盐选 _ 坠落纪元史.pdf"
"MAT-0795","知乎盐选 _ 作文：高考作文怎样达到 55 ？【花费时间‖：cunLove.cn】.pdf",".pdf","5430135","2026-08-18 14:58:56","待人工归类","待内容核验","D:\整体视频流程重建\资料库\原始资料\知乎付费1090篇合集 - 精选知乎各领域的深度好文\知乎盐选 _ 作文：高考作文怎样达到 55 ？【花费时间‖：cunLove.cn】.pdf"
"MAT-0796","智商被侮辱的感觉是怎样的？ - 知乎.pdf",".pdf","872622","2026-08-18 14:58:55","待人工归类","待内容核验","D:\整体视频流程重建\资料库\原始资料\知乎付费1090篇合集 - 精选知乎各领域的深度好文\智商被侮辱的感觉是怎样的？ - 知乎.pdf"
"MAT-0797","中国有哪些恐怖或鲜为人知的杀人案件？ - 知乎.pdf",".pdf","1045937","2026-08-18 14:58:33","故事与案例","待内容核验","D:\整体视频流程重建\资料库\原始资料\知乎付费1090篇合集 - 精选知乎各领域的深度好文\中国有哪些恐怖或鲜为人知的杀人案件？ - 知乎.pdf"
"MAT-0798","中国最凶残的杀人案是哪一件？ - 知乎【耗时整理‖ cunlove.cn】.pdf",".pdf","1095385","2026-08-18 14:58:33","待人工归类","待内容核验","D:\整体视频流程重建\资料库\原始资料\知乎付费1090篇合集 - 精选知乎各领域的深度好文\中国最凶残的杀人案是哪一件？ - 知乎【耗时整理‖ cunlove.cn】.pdf"
"MAT-0799","中文论文降重方法及案例分析：八个降重诀窍避免【耗时整理‖免费分享：Cunlove.cn】.pdf",".pdf","2086689","2026-08-18 14:58:57","故事与案例","待内容核验","D:\整体视频流程重建\资料库\原始资料\知乎付费1090篇合集 - 精选知乎各领域的深度好文\中文论文降重方法及案例分析：八个降重诀窍避免【耗时整理‖免费分享：Cunlove.cn】.pdf"
"MAT-0800","最尴尬能有多尴尬？ - 知乎.pdf",".pdf","1525803","2026-08-18 14:58:33","待人工归类","待内容核验","D:\整体视频流程重建\资料库\原始资料\知乎付费1090篇合集 - 精选知乎各领域的深度好文\最尴尬能有多尴尬？ - 知乎.pdf"
"MAT-0801","最体面的分手是怎么样的？ - 知乎.pdf",".pdf","1311538","2026-08-18 14:58:57","待人工归类","待内容核验","D:\整体视频流程重建\资料库\原始资料\知乎付费1090篇合集 - 精选知乎各领域的深度好文\最体面的分手是怎么样的？ - 知乎.pdf"
"MAT-0802","作死成功是种怎样的体验？ - 知乎 (1).pdf",".pdf","989391","2026-08-18 14:58:56","待人工归类","待内容核验","D:\整体视频流程重建\资料库\原始资料\知乎付费1090篇合集 - 精选知乎各领域的深度好文\作死成功是种怎样的体验？ - 知乎 (1).pdf"
"MAT-0803","作死成功是种怎样的体验？ - 知乎【不易整理‖请关注：CunWorkNoteS】.pdf",".pdf","969348","2026-08-18 14:58:56","待人工归类","待内容核验","D:\整体视频流程重建\资料库\原始资料\知乎付费1090篇合集 - 精选知乎各领域的深度好文\作死成功是种怎样的体验？ - 知乎【不易整理‖请关注：CunWorkNoteS】.pdf"
"MAT-0804","作为法医你都见过哪些令人窒息的尸体？ - 知乎.pdf",".pdf","720878","2026-08-18 14:58:56","待人工归类","待内容核验","D:\整体视频流程重建\资料库\原始资料\知乎付费1090篇合集 - 精选知乎各领域的深度好文\作为法医你都见过哪些令人窒息的尸体？ - 知乎.pdf"
"MAT-0805","做情人真的没有好下场吗？ - 【整理不易‖记得关注：CunWorKNotes】.pdf",".pdf","3752425","2026-08-18 14:58:57","待人工归类","待内容核验","D:\整体视频流程重建\资料库\原始资料\知乎付费1090篇合集 - 精选知乎各领域的深度好文\做情人真的没有好下场吗？ - 【整理不易‖记得关注：CunWorKNotes】.pdf"
"MAT-0806","AirPods pro和AirPods2买哪个好？ - 知乎【不易整理‖请关注：CunWorkNoteS】.pdf",".pdf","1039706","2026-08-18 14:56:41","待人工归类","待内容核验","D:\整体视频流程重建\资料库\原始资料\知乎付费1090篇合集 - 精选知乎各领域的深度好文\AirPods pro和AirPods2买哪个好？ - 知乎【不易整理‖请关注：CunWorkNoteS】.pdf"
"MAT-0807","K线图怎么看，有什么意义？ - 知乎.pdf",".pdf","1554660","2026-08-18 14:56:53","待人工归类","待内容核验","D:\整体视频流程重建\资料库\原始资料\知乎付费1090篇合集 - 精选知乎各领域的深度好文\K线图怎么看，有什么意义？ - 知乎.pdf"
